
{
	"telemetry": {
		"eva_time": 5,
		"eva1": {
			"batt_time_left": 0.000000,
			"oxy_pri_storage": 0.000000,
			"oxy_sec_storage": 0.000000,
			"oxy_pri_pressure": 2802.762939,
			"oxy_sec_pressure": 2893.407227,
			"oxy_time_left": 0,
			"heart_rate": 86.617210,
			"oxy_consumption": 665.430176,
			"co2_production": 678.812988,
			"suit_pressure_oxy": 4.354558,
			"suit_pressure_co2": 0.068881,
			"suit_pressure_other": 0.000000,
			"suit_pressure_total": 4.423439,
			"fan_pri_rpm": 27624.414062,
			"fan_sec_rpm": 375001024.000000,
			"helmet_pressure_co2": 0.082658,
			"scrubber_a_co2_storage": 16.612604,
			"scrubber_b_co2_storage": 100.000000,
			"temperature": 76.028671,
			"coolant_ml": 82.765594,
			"coolant_gas_pressure": 261.029602,
			"coolant_liquid_pressure": 456.623596
		},
		"eva2": {
			"batt_time_left": 0.000000,
			"oxy_pri_storage": 0.000000,
			"oxy_sec_storage": 0.000000,
			"oxy_pri_pressure": 2802.762939,
			"oxy_sec_pressure": 2893.407227,
			"oxy_time_left": 0,
			"heart_rate": 86.617210,
			"oxy_consumption": 665.430176,
			"co2_production": 678.812988,
			"suit_pressure_oxy": 4.354558,
			"suit_pressure_co2": 0.068881,
			"suit_pressure_other": 0.000000,
			"suit_pressure_total": 4.423439,
			"fan_pri_rpm": 27624.414062,
			"fan_sec_rpm": 375001024.000000,
			"helmet_pressure_co2": 0.082658,
			"scrubber_a_co2_storage": 16.612604,
			"scrubber_b_co2_storage": 100.000000,
			"temperature": 76.028671,
			"coolant_ml": 82.765594,
			"coolant_gas_pressure": 261.029602,
			"coolant_liquid_pressure": 456.623596
		}
	}
}