
{
	"telemetry": {
		"eva_time": 3,
		"eva1": {
			"batt_time_left": 734.000000,
			"oxy_pri_storage": 0.503429,
			"oxy_sec_storage": 0.503429,
			"oxy_pri_pressure": 2915.554932,
			"oxy_sec_pressure": 2851.054443,
			"oxy_time_left": 108,
			"heart_rate": 86.551186,
			"oxy_consumption": 663.779541,
			"co2_production": 677.228516,
			"suit_pressure_oxy": 4.251223,
			"suit_pressure_co2": 0.068723,
			"suit_pressure_other": 0.000000,
			"suit_pressure_total": 4.319946,
			"fan_pri_rpm": 22634.783203,
			"fan_sec_rpm": 375001024.000000,
			"helmet_pressure_co2": 0.082467,
			"scrubber_a_co2_storage": 16.597393,
			"scrubber_b_co2_storage": 100.000000,
			"temperature": 75.918640,
			"coolant_ml": 82.897629,
			"coolant_gas_pressure": 152.315430,
			"coolant_liquid_pressure": 407.884827
		},
		"eva2": {
			"batt_time_left": 734.000000,
			"oxy_pri_storage": 0.503429,
			"oxy_sec_storage": 0.503429,
			"oxy_pri_pressure": 2915.554932,
			"oxy_sec_pressure": 2851.054443,
			"oxy_time_left": 108,
			"heart_rate": 86.551186,
			"oxy_consumption": 663.779541,
			"co2_production": 677.228516,
			"suit_pressure_oxy": 4.251223,
			"suit_pressure_co2": 0.068723,
			"suit_pressure_other": 0.000000,
			"suit_pressure_total": 4.319946,
			"fan_pri_rpm": 22634.783203,
			"fan_sec_rpm": 375001024.000000,
			"helmet_pressure_co2": 0.082467,
			"scrubber_a_co2_storage": 16.597393,
			"scrubber_b_co2_storage": 100.000000,
			"temperature": 75.918640,
			"coolant_ml": 82.897629,
			"coolant_gas_pressure": 152.315430,
			"coolant_liquid_pressure": 407.884827
		}
	}
}