
{
	"telemetry": {
		"eva_time": 262,
		"eva1": {
			"batt_time_left": 885.000000,
			"oxy_pri_storage": 0.606996,
			"oxy_sec_storage": 0.606996,
			"oxy_pri_pressure": 2889.684570,
			"oxy_sec_pressure": 2829.423584,
			"oxy_time_left": 131,
			"heart_rate": 87.913811,
			"oxy_consumption": 697.845215,
			"co2_production": 709.931396,
			"suit_pressure_oxy": 4.324891,
			"suit_pressure_co2": 0.071993,
			"suit_pressure_other": 0.000000,
			"suit_pressure_total": 4.396884,
			"fan_pri_rpm": 23765.132812,
			"fan_sec_rpm": 375001088.000000,
			"helmet_pressure_co2": 0.086392,
			"scrubber_a_co2_storage": 16.911343,
			"scrubber_b_co2_storage": 100.000000,
			"temperature": 78.189682,
			"coolant_ml": 80.172379,
			"coolant_gas_pressure": 195.330872,
			"coolant_liquid_pressure": 477.551483
		},
		"eva2": {
			"batt_time_left": 885.000000,
			"oxy_pri_storage": 0.606996,
			"oxy_sec_storage": 0.606996,
			"oxy_pri_pressure": 2889.684570,
			"oxy_sec_pressure": 2829.423584,
			"oxy_time_left": 131,
			"heart_rate": 87.913811,
			"oxy_consumption": 697.845215,
			"co2_production": 709.931396,
			"suit_pressure_oxy": 4.324891,
			"suit_pressure_co2": 0.071993,
			"suit_pressure_other": 0.000000,
			"suit_pressure_total": 4.396884,
			"fan_pri_rpm": 23765.132812,
			"fan_sec_rpm": 375001088.000000,
			"helmet_pressure_co2": 0.086392,
			"scrubber_a_co2_storage": 16.911343,
			"scrubber_b_co2_storage": 100.000000,
			"temperature": 78.189682,
			"coolant_ml": 80.172379,
			"coolant_gas_pressure": 195.330872,
			"coolant_liquid_pressure": 477.551483
		}
	}
}