
{
	"telemetry": {
		"eva_time": 409,
		"eva1": {
			"batt_time_left": 1386.000000,
			"oxy_pri_storage": 0.755556,
			"oxy_sec_storage": 0.755556,
			"oxy_pri_pressure": 2880.454834,
			"oxy_sec_pressure": 2821.492188,
			"oxy_time_left": 163,
			"heart_rate": 128.000000,
			"oxy_consumption": 982.000000,
			"co2_production": 1672.000000,
			"suit_pressure_oxy": 3.973908,
			"suit_pressure_co2": 0.133042,
			"suit_pressure_other": 0.000000,
			"suit_pressure_total": 4.106950,
			"fan_pri_rpm": 6742.131836,
			"fan_sec_rpm": 40000664.000000,
			"helmet_pressure_co2": 0.159650,
			"scrubber_a_co2_storage": 22.771994,
			"scrubber_b_co2_storage": 100.000000,
			"temperature": 20.780640,
			"coolant_ml": 198.438721,
			"coolant_gas_pressure": 233.041595,
			"coolant_liquid_pressure": 498.897064
		},
		"eva2": {
			"batt_time_left": 1386.000000,
			"oxy_pri_storage": 0.755556,
			"oxy_sec_storage": 0.755556,
			"oxy_pri_pressure": 2880.454834,
			"oxy_sec_pressure": 2821.492188,
			"oxy_time_left": 163,
			"heart_rate": 128.000000,
			"oxy_consumption": 982.000000,
			"co2_production": 1672.000000,
			"suit_pressure_oxy": 3.973908,
			"suit_pressure_co2": 0.133042,
			"suit_pressure_other": 0.000000,
			"suit_pressure_total": 4.106950,
			"fan_pri_rpm": 6742.131836,
			"fan_sec_rpm": 40000664.000000,
			"helmet_pressure_co2": 0.159650,
			"scrubber_a_co2_storage": 22.771994,
			"scrubber_b_co2_storage": 100.000000,
			"temperature": 20.780640,
			"coolant_ml": 198.438721,
			"coolant_gas_pressure": 233.041595,
			"coolant_liquid_pressure": 498.897064
		}
	}
}