
{
	"telemetry": {
		"eva_time": 5,
		"eva1": {
			"batt_time_left": 1598.000000,
			"oxy_pri_storage": 0.842798,
			"oxy_sec_storage": 0.842798,
			"oxy_pri_pressure": 2840.125732,
			"oxy_sec_pressure": 2786.004883,
			"oxy_time_left": 182,
			"heart_rate": 128.000000,
			"oxy_consumption": 982.000000,
			"co2_production": 1672.000000,
			"suit_pressure_oxy": 4.235119,
			"suit_pressure_co2": 0.249898,
			"suit_pressure_other": 0.000000,
			"suit_pressure_total": 4.485017,
			"fan_pri_rpm": 11923.699219,
			"fan_sec_rpm": 40001248.000000,
			"helmet_pressure_co2": 0.299877,
			"scrubber_a_co2_storage": 33.990200,
			"scrubber_b_co2_storage": 100.000000,
			"temperature": 21.334084,
			"coolant_ml": 197.331833,
			"coolant_gas_pressure": 349.897858,
			"coolant_liquid_pressure": 524.905640
		},
		"eva2": {
			"batt_time_left": 1598.000000,
			"oxy_pri_storage": 0.842798,
			"oxy_sec_storage": 0.842798,
			"oxy_pri_pressure": 2840.125732,
			"oxy_sec_pressure": 2786.004883,
			"oxy_time_left": 182,
			"heart_rate": 128.000000,
			"oxy_consumption": 982.000000,
			"co2_production": 1672.000000,
			"suit_pressure_oxy": 4.235119,
			"suit_pressure_co2": 0.249898,
			"suit_pressure_other": 0.000000,
			"suit_pressure_total": 4.485017,
			"fan_pri_rpm": 11923.699219,
			"fan_sec_rpm": 40001248.000000,
			"helmet_pressure_co2": 0.299877,
			"scrubber_a_co2_storage": 33.990200,
			"scrubber_b_co2_storage": 100.000000,
			"temperature": 21.334084,
			"coolant_ml": 197.331833,
			"coolant_gas_pressure": 349.897858,
			"coolant_liquid_pressure": 524.905640
		}
	}
}