
{
	"telemetry": {
		"eva_time": 97,
		"eva1": {
			"batt_time_left": 1020.000000,
			"oxy_pri_storage": 0.699588,
			"oxy_sec_storage": 0.699588,
			"oxy_pri_pressure": 2864.808594,
			"oxy_sec_pressure": 2807.859619,
			"oxy_time_left": 151,
			"heart_rate": 83.084297,
			"oxy_consumption": 577.107422,
			"co2_production": 594.023193,
			"suit_pressure_oxy": 4.362309,
			"suit_pressure_co2": 0.060402,
			"suit_pressure_other": 0.000000,
			"suit_pressure_total": 4.422711,
			"fan_pri_rpm": 27960.367188,
			"fan_sec_rpm": 375000896.000000,
			"helmet_pressure_co2": 0.072483,
			"scrubber_a_co2_storage": 15.798622,
			"scrubber_b_co2_storage": 100.000000,
			"temperature": 70.140488,
			"coolant_ml": 89.831421,
			"coolant_gas_pressure": 298.082245,
			"coolant_liquid_pressure": 523.395020
		},
		"eva2": {
			"batt_time_left": 1020.000000,
			"oxy_pri_storage": 0.699588,
			"oxy_sec_storage": 0.699588,
			"oxy_pri_pressure": 2864.808594,
			"oxy_sec_pressure": 2807.859619,
			"oxy_time_left": 151,
			"heart_rate": 83.084297,
			"oxy_consumption": 577.107422,
			"co2_production": 594.023193,
			"suit_pressure_oxy": 4.362309,
			"suit_pressure_co2": 0.060402,
			"suit_pressure_other": 0.000000,
			"suit_pressure_total": 4.422711,
			"fan_pri_rpm": 27960.367188,
			"fan_sec_rpm": 375000896.000000,
			"helmet_pressure_co2": 0.072483,
			"scrubber_a_co2_storage": 15.798622,
			"scrubber_b_co2_storage": 100.000000,
			"temperature": 70.140488,
			"coolant_ml": 89.831421,
			"coolant_gas_pressure": 298.082245,
			"coolant_liquid_pressure": 523.395020
		}
	}
}