{
	"telemetry":	{
		"eva1":	{
			"eva_time":	302,
			"batt_time_left":	1498,
			"oxy_pri_storage":	84.442420959472656,
			"oxy_sec_storage":	84.442420959472656,
			"oxy_pri_pressure":	2859.416259765625,
			"oxy_sec_pressure":	2803.444091796875,
			"oxy_time_left":	0,
			"suit_pressure_oxy":	3.907217264175415,
			"suit_pressure_co2":	0.19455519318580627,
			"suit_pressure_other":	0,
			"suit_pressure_total":	4.10177230834961,
			"fan_pri_rpm":	46751068,
			"fan_sec_rpm":	12489.0068359375,
			"helmet_pressure_co2":	0.25292173027992249,
			"scrubber_a_co2_storage":	0.3349834680557251,
			"scrubber_b_co2_storage":	1,
			"temperature":	19.002321243286133,
			"coolant_ml":	211.19490051269531,
			"coolant_gas_pressure":	289.3245849609375,
			"coolant_liquid_pressure":	517.045166015625,
			"heart_rate":	167.5,
			"oxy_consumption":	1386,
			"co2_production":	3005
		},
		"eva2":	{
			"eva_time":	302,
			"batt_time_left":	1498,
			"oxy_pri_storage":	88.384613037109375,
			"oxy_sec_storage":	88.384613037109375,
			"oxy_pri_pressure":	2893.066162109375,
			"oxy_sec_pressure":	2835.691650390625,
			"oxy_time_left":	0,
			"suit_pressure_oxy":	4.2796292304992676,
			"suit_pressure_co2":	0.19768407940864563,
			"suit_pressure_other":	0,
			"suit_pressure_total":	4.10177230834961,
			"fan_pri_rpm":	33750876,
			"fan_sec_rpm":	6222.99609375,
			"helmet_pressure_co2":	0.21401071548461914,
			"scrubber_a_co2_storage":	0.269691288471222,
			"scrubber_b_co2_storage":	1,
			"temperature":	19.340217590332031,
			"coolant_ml":	190.79582214355469,
			"coolant_gas_pressure":	337.04513549804688,
			"coolant_liquid_pressure":	529.87066650390625,
			"heart_rate":	109.79999542236328,
			"oxy_consumption":	1091.5,
			"co2_production":	2235
		}
	},
	"status":	{
		"started":	false,
		"paused":	false,
		"completed":	false,
		"total_time":	0,
		"uia":	{
			"started":	false,
			"completed":	false,
			"time":	0
		},
		"dcu":	{
			"started":	false,
			"completed":	false,
			"time":	0
		},
		"rover":	{
			"started":	false,
			"completed":	false,
			"time":	0
		},
		"spec":	{
			"started":	false,
			"completed":	false,
			"time":	0
		}
	},
	"dcu":	{
		"eva1":	{
			"batt":	false,
			"oxy":	false,
			"comm":	false,
			"fan":	false,
			"pump":	false,
			"co2":	false
		},
		"eva2":	{
			"batt":	false,
			"oxy":	false,
			"comm":	false,
			"fan":	false,
			"pump":	false,
			"co2":	false
		}
	},
	"error":	{
		"fan_error":	"true&eva.error.fan_error=false",
		"oxy_error":	false,
		"batt_error":	false,
		"pump_error":	false
	},
	"imu":	{
		"eva1":	{
			"posx":	0,
			"posy":	0,
			"heading":	0
		},
		"eva2":	{
			"posx":	0,
			"posy":	0,
			"heading":	0
		}
	},
	"uia":	{
		"eva1_power":	false,
		"eva1_oxy":	false,
		"eva1_water_supply":	false,
		"eva1_water_waste":	false,
		"eva2_power":	false,
		"eva2_oxy":	false,
		"eva2_water_supply":	false,
		"eva2_water_waste":	false,
		"oxy_vent":	false,
		"depress":	false
	}
}