
{
	"telemetry": {
		"eva_time": 48,
		"eva1": {
			"batt_time_left": 1099.000000,
			"oxy_pri_storage": 0.753772,
			"oxy_sec_storage": 0.753772,
			"oxy_pri_pressure": 2849.674561,
			"oxy_sec_pressure": 2794.500000,
			"oxy_time_left": 162,
			"heart_rate": 84.248589,
			"oxy_consumption": 606.214600,
			"co2_production": 621.966064,
			"suit_pressure_oxy": 4.109388,
			"suit_pressure_co2": 0.063197,
			"suit_pressure_other": 0.000000,
			"suit_pressure_total": 4.172585,
			"fan_pri_rpm": 22114.300781,
			"fan_sec_rpm": 375000928.000000,
			"helmet_pressure_co2": 0.075836,
			"scrubber_a_co2_storage": 16.066875,
			"scrubber_b_co2_storage": 100.000000,
			"temperature": 72.080978,
			"coolant_ml": 87.502823,
			"coolant_gas_pressure": 340.593933,
			"coolant_liquid_pressure": 529.832092
		},
		"eva2": {
			"batt_time_left": 1099.000000,
			"oxy_pri_storage": 0.753772,
			"oxy_sec_storage": 0.753772,
			"oxy_pri_pressure": 2849.674561,
			"oxy_sec_pressure": 2794.500000,
			"oxy_time_left": 162,
			"heart_rate": 84.248589,
			"oxy_consumption": 606.214600,
			"co2_production": 621.966064,
			"suit_pressure_oxy": 4.109388,
			"suit_pressure_co2": 0.063197,
			"suit_pressure_other": 0.000000,
			"suit_pressure_total": 4.172585,
			"fan_pri_rpm": 22114.300781,
			"fan_sec_rpm": 375000928.000000,
			"helmet_pressure_co2": 0.075836,
			"scrubber_a_co2_storage": 16.066875,
			"scrubber_b_co2_storage": 100.000000,
			"temperature": 72.080978,
			"coolant_ml": 87.502823,
			"coolant_gas_pressure": 340.593933,
			"coolant_liquid_pressure": 529.832092
		}
	}
}