
{
	"telemetry": {
		"eva_time": 230,
		"eva1": {
			"batt_time_left": 1565.000000,
			"oxy_pri_storage": 0.829218,
			"oxy_sec_storage": 0.829218,
			"oxy_pri_pressure": 2846.568604,
			"oxy_sec_pressure": 2791.741699,
			"oxy_time_left": 179,
			"heart_rate": 128.000000,
			"oxy_consumption": 982.000000,
			"co2_production": 1672.000000,
			"suit_pressure_oxy": 4.206721,
			"suit_pressure_co2": 0.245258,
			"suit_pressure_other": 0.000000,
			"suit_pressure_total": 4.451979,
			"fan_pri_rpm": 9074.327148,
			"fan_sec_rpm": 40001224.000000,
			"helmet_pressure_co2": 0.294309,
			"scrubber_a_co2_storage": 33.544731,
			"scrubber_b_co2_storage": 100.000000,
			"temperature": 19.877752,
			"coolant_ml": 200.244492,
			"coolant_gas_pressure": 345.257629,
			"coolant_liquid_pressure": 528.968018
		},
		"eva2": {
			"batt_time_left": 1565.000000,
			"oxy_pri_storage": 0.829218,
			"oxy_sec_storage": 0.829218,
			"oxy_pri_pressure": 2846.568604,
			"oxy_sec_pressure": 2791.741699,
			"oxy_time_left": 179,
			"heart_rate": 128.000000,
			"oxy_consumption": 982.000000,
			"co2_production": 1672.000000,
			"suit_pressure_oxy": 4.206721,
			"suit_pressure_co2": 0.245258,
			"suit_pressure_other": 0.000000,
			"suit_pressure_total": 4.451979,
			"fan_pri_rpm": 9074.327148,
			"fan_sec_rpm": 40001224.000000,
			"helmet_pressure_co2": 0.294309,
			"scrubber_a_co2_storage": 33.544731,
			"scrubber_b_co2_storage": 100.000000,
			"temperature": 19.877752,
			"coolant_ml": 200.244492,
			"coolant_gas_pressure": 345.257629,
			"coolant_liquid_pressure": 528.968018
		}
	}
}