
{
	"telemetry": {
		"eva_time": 269,
		"eva1": {
			"batt_time_left": 414.000000,
			"oxy_pri_storage": 0.283951,
			"oxy_sec_storage": 0.283951,
			"oxy_pri_pressure": 2961.038574,
			"oxy_sec_pressure": 2885.223633,
			"oxy_time_left": 61,
			"heart_rate": 88.985847,
			"oxy_consumption": 724.646240,
			"co2_production": 735.660400,
			"suit_pressure_oxy": 4.274161,
			"suit_pressure_co2": 0.074566,
			"suit_pressure_other": 0.000000,
			"suit_pressure_total": 4.348727,
			"fan_pri_rpm": 23718.882812,
			"fan_sec_rpm": 375001120.000000,
			"helmet_pressure_co2": 0.089479,
			"scrubber_a_co2_storage": 17.158340,
			"scrubber_b_co2_storage": 100.000000,
			"temperature": 79.976418,
			"coolant_ml": 78.028297,
			"coolant_gas_pressure": 343.377319,
			"coolant_liquid_pressure": 400.497833
		},
		"eva2": {
			"batt_time_left": 414.000000,
			"oxy_pri_storage": 0.283951,
			"oxy_sec_storage": 0.283951,
			"oxy_pri_pressure": 2961.038574,
			"oxy_sec_pressure": 2885.223633,
			"oxy_time_left": 61,
			"heart_rate": 88.985847,
			"oxy_consumption": 724.646240,
			"co2_production": 735.660400,
			"suit_pressure_oxy": 4.274161,
			"suit_pressure_co2": 0.074566,
			"suit_pressure_other": 0.000000,
			"suit_pressure_total": 4.348727,
			"fan_pri_rpm": 23718.882812,
			"fan_sec_rpm": 375001120.000000,
			"helmet_pressure_co2": 0.089479,
			"scrubber_a_co2_storage": 17.158340,
			"scrubber_b_co2_storage": 100.000000,
			"temperature": 79.976418,
			"coolant_ml": 78.028297,
			"coolant_gas_pressure": 343.377319,
			"coolant_liquid_pressure": 400.497833
		}
	}
}