
{
	"telemetry": {
		"eva_time": 203,
		"eva1": {
			"batt_time_left": 319.000000,
			"oxy_pri_storage": 0.316461,
			"oxy_sec_storage": 0.316461,
			"oxy_pri_pressure": 2999.194092,
			"oxy_sec_pressure": 2896.816162,
			"oxy_time_left": 68,
			"heart_rate": 128.000000,
			"oxy_consumption": 982.000000,
			"co2_production": 1672.000000,
			"suit_pressure_oxy": 4.217309,
			"suit_pressure_co2": 0.084184,
			"suit_pressure_other": 0.000000,
			"suit_pressure_total": 4.301493,
			"fan_pri_rpm": 10305.605469,
			"fan_sec_rpm": 40000420.000000,
			"helmet_pressure_co2": 0.101021,
			"scrubber_a_co2_storage": 18.081680,
			"scrubber_b_co2_storage": 100.000000,
			"temperature": 20.334040,
			"coolant_ml": 199.331924,
			"coolant_gas_pressure": 184.184158,
			"coolant_liquid_pressure": 491.047028
		},
		"eva2": {
			"batt_time_left": 319.000000,
			"oxy_pri_storage": 0.316461,
			"oxy_sec_storage": 0.316461,
			"oxy_pri_pressure": 2999.194092,
			"oxy_sec_pressure": 2896.816162,
			"oxy_time_left": 68,
			"heart_rate": 128.000000,
			"oxy_consumption": 982.000000,
			"co2_production": 1672.000000,
			"suit_pressure_oxy": 4.217309,
			"suit_pressure_co2": 0.084184,
			"suit_pressure_other": 0.000000,
			"suit_pressure_total": 4.301493,
			"fan_pri_rpm": 10305.605469,
			"fan_sec_rpm": 40000420.000000,
			"helmet_pressure_co2": 0.101021,
			"scrubber_a_co2_storage": 18.081680,
			"scrubber_b_co2_storage": 100.000000,
			"temperature": 20.334040,
			"coolant_ml": 199.331924,
			"coolant_gas_pressure": 184.184158,
			"coolant_liquid_pressure": 491.047028
		}
	}
}