
{
	"telemetry": {
		"eva_time": 911,
		"eva1": {
			"batt_time_left": 0.000000,
			"oxy_pri_storage": 0.000000,
			"oxy_sec_storage": 0.000000,
			"oxy_pri_pressure": 2603.931641,
			"oxy_sec_pressure": 2692.973877,
			"oxy_time_left": 0,
			"heart_rate": 83.039490,
			"oxy_consumption": 575.987305,
			"co2_production": 592.947754,
			"suit_pressure_oxy": 4.152329,
			"suit_pressure_co2": 0.060295,
			"suit_pressure_other": 0.000000,
			"suit_pressure_total": 4.212624,
			"fan_pri_rpm": 29979.554688,
			"fan_sec_rpm": 375000896.000000,
			"helmet_pressure_co2": 0.072354,
			"scrubber_a_co2_storage": 15.788299,
			"scrubber_b_co2_storage": 100.000000,
			"temperature": 70.065811,
			"coolant_ml": 89.921028,
			"coolant_gas_pressure": 349.983643,
			"coolant_liquid_pressure": 375.681061
		},
		"eva2": {
			"batt_time_left": 0.000000,
			"oxy_pri_storage": 0.000000,
			"oxy_sec_storage": 0.000000,
			"oxy_pri_pressure": 2603.931641,
			"oxy_sec_pressure": 2692.973877,
			"oxy_time_left": 0,
			"heart_rate": 83.039490,
			"oxy_consumption": 575.987305,
			"co2_production": 592.947754,
			"suit_pressure_oxy": 4.152329,
			"suit_pressure_co2": 0.060295,
			"suit_pressure_other": 0.000000,
			"suit_pressure_total": 4.212624,
			"fan_pri_rpm": 29979.554688,
			"fan_sec_rpm": 375000896.000000,
			"helmet_pressure_co2": 0.072354,
			"scrubber_a_co2_storage": 15.788299,
			"scrubber_b_co2_storage": 100.000000,
			"temperature": 70.065811,
			"coolant_ml": 89.921028,
			"coolant_gas_pressure": 349.983643,
			"coolant_liquid_pressure": 375.681061
		}
	}
}