
{
	"telemetry": {
		"eva_time": 510,
		"eva1": {
			"batt_time_left": 373.000000,
			"oxy_pri_storage": 0.255830,
			"oxy_sec_storage": 0.255830,
			"oxy_pri_pressure": 2965.764648,
			"oxy_sec_pressure": 2888.252686,
			"oxy_time_left": 55,
			"heart_rate": 88.606682,
			"oxy_consumption": 715.166992,
			"co2_production": 726.560303,
			"suit_pressure_oxy": 4.427376,
			"suit_pressure_co2": 0.073656,
			"suit_pressure_other": 0.000000,
			"suit_pressure_total": 4.501032,
			"fan_pri_rpm": 29910.105469,
			"fan_sec_rpm": 375001120.000000,
			"helmet_pressure_co2": 0.088387,
			"scrubber_a_co2_storage": 17.070978,
			"scrubber_b_co2_storage": 100.000000,
			"temperature": 79.344467,
			"coolant_ml": 78.786636,
			"coolant_gas_pressure": 349.927887,
			"coolant_liquid_pressure": 417.292603
		},
		"eva2": {
			"batt_time_left": 373.000000,
			"oxy_pri_storage": 0.255830,
			"oxy_sec_storage": 0.255830,
			"oxy_pri_pressure": 2965.764648,
			"oxy_sec_pressure": 2888.252686,
			"oxy_time_left": 55,
			"heart_rate": 88.606682,
			"oxy_consumption": 715.166992,
			"co2_production": 726.560303,
			"suit_pressure_oxy": 4.427376,
			"suit_pressure_co2": 0.073656,
			"suit_pressure_other": 0.000000,
			"suit_pressure_total": 4.501032,
			"fan_pri_rpm": 29910.105469,
			"fan_sec_rpm": 375001120.000000,
			"helmet_pressure_co2": 0.088387,
			"scrubber_a_co2_storage": 17.070978,
			"scrubber_b_co2_storage": 100.000000,
			"temperature": 79.344467,
			"coolant_ml": 78.786636,
			"coolant_gas_pressure": 349.927887,
			"coolant_liquid_pressure": 417.292603
		}
	}
}