
{
	"telemetry": {
		"eva_time": 79,
		"eva1": {
			"batt_time_left": 850.000000,
			"oxy_pri_storage": 0.582990,
			"oxy_sec_storage": 0.582990,
			"oxy_pri_pressure": 2895.885010,
			"oxy_sec_pressure": 2834.696289,
			"oxy_time_left": 125,
			"heart_rate": 88.814003,
			"oxy_consumption": 720.350098,
			"co2_production": 731.536133,
			"suit_pressure_oxy": 4.191196,
			"suit_pressure_co2": 0.074154,
			"suit_pressure_other": 0.000000,
			"suit_pressure_total": 4.265349,
			"fan_pri_rpm": 29564.726562,
			"fan_sec_rpm": 375001120.000000,
			"helmet_pressure_co2": 0.088984,
			"scrubber_a_co2_storage": 17.118748,
			"scrubber_b_co2_storage": 100.000000,
			"temperature": 79.690002,
			"coolant_ml": 78.371994,
			"coolant_gas_pressure": 174.319748,
			"coolant_liquid_pressure": 461.289612
		},
		"eva2": {
			"batt_time_left": 850.000000,
			"oxy_pri_storage": 0.582990,
			"oxy_sec_storage": 0.582990,
			"oxy_pri_pressure": 2895.885010,
			"oxy_sec_pressure": 2834.696289,
			"oxy_time_left": 125,
			"heart_rate": 88.814003,
			"oxy_consumption": 720.350098,
			"co2_production": 731.536133,
			"suit_pressure_oxy": 4.191196,
			"suit_pressure_co2": 0.074154,
			"suit_pressure_other": 0.000000,
			"suit_pressure_total": 4.265349,
			"fan_pri_rpm": 29564.726562,
			"fan_sec_rpm": 375001120.000000,
			"helmet_pressure_co2": 0.088984,
			"scrubber_a_co2_storage": 17.118748,
			"scrubber_b_co2_storage": 100.000000,
			"temperature": 79.690002,
			"coolant_ml": 78.371994,
			"coolant_gas_pressure": 174.319748,
			"coolant_liquid_pressure": 461.289612
		}
	}
}