{
	"telemetry":	{
		"eva1":	{
			"eva_time":	58,
			"batt_time_left":	1742,
			"oxy_pri_storage":	97.012123107910156,
			"oxy_sec_storage":	97.012123107910156,
			"oxy_pri_pressure":	2771.72265625,
			"oxy_sec_pressure":	2720.842041015625,
			"oxy_time_left":	0,
			"suit_pressure_oxy":	4.1282305717468262,
			"suit_pressure_co2":	0.24576288461685181,
			"suit_pressure_other":	0,
			"suit_pressure_total":	4.3739933967590332,
			"fan_pri_rpm":	46751352,
			"fan_sec_rpm":	11274.173828125,
			"helmet_pressure_co2":	0.31949174404144287,
			"scrubber_a_co2_storage":	0.39156800508499146,
			"scrubber_b_co2_storage":	1,
			"temperature":	25.45768928527832,
			"coolant_ml":	196.99308776855469,
			"coolant_gas_pressure":	299.83377075195312,
			"coolant_liquid_pressure":	475.54440307617188,
			"heart_rate":	167.5,
			"oxy_consumption":	1386,
			"co2_production":	3005
		},
		"eva2":	{
			"eva_time":	58,
			"batt_time_left":	1742,
			"oxy_pri_storage":	97.7692337036133,
			"oxy_sec_storage":	97.7692337036133,
			"oxy_pri_pressure":	2858.34912109375,
			"oxy_sec_pressure":	2806.9560546875,
			"oxy_time_left":	0,
			"suit_pressure_oxy":	4.2537031173706055,
			"suit_pressure_co2":	0.1472814679145813,
			"suit_pressure_other":	0,
			"suit_pressure_total":	4.3739933967590332,
			"fan_pri_rpm":	33751104,
			"fan_sec_rpm":	10741.0146484375,
			"helmet_pressure_co2":	0.27033919095993042,
			"scrubber_a_co2_storage":	0.319618821144104,
			"scrubber_b_co2_storage":	1,
			"temperature":	22.102882385253906,
			"coolant_ml":	179.17616271972656,
			"coolant_gas_pressure":	295.54440307617188,
			"coolant_liquid_pressure":	480.01666259765625,
			"heart_rate":	109.79999542236328,
			"oxy_consumption":	1091.5,
			"co2_production":	2235
		},
		"throttle":	17.612569808959961,
		"steering":	0.30902227759361267,
		"current_pos_alt":	103.63960266113281,
		"heading":	193.906005859375,
		"pitch":	4.8329720497131348,
		"roll":	2.4325315952301025,
		"distance_traveled":	585.60003662109375,
		"surface_incline":	8.34049987792969,
		"oxygen_tank":	78.3111114501953,
		"oxygen_pressure":	2349.333251953125,
		"oxygen_levels":	0.13545940816402435,
		"ac_fan_pri":	20218.34375,
		"ac_fan_sec":	15533.65234375,
		"cabin_pressure":	4.2982907295227051,
		"battery_level":	87.122222900390625,
		"power_consumption_rate":	60.831451416015625,
		"external_temp":	-22.706121444702148,
		"pr_coolant_level":	44.213153839111328,
		"pr_coolant_pressure":	545.18731689453125,
		"pr_coolant_tank":	99.2375030517578,
		"radiator":	91.708969116210938,
		"terrain_condition":	55.459407806396484,
		"solar_panel_dust_accum":	85,
		"mission_planned_time":	1167,
		"dest_x":	5036.59814453125,
		"dest_y":	3032.937255859375,
		"dest_z":	151.82958984375,
		"speed":	-0.27729704976081848,
		"cabin_temperature":	19.7293872833252,
		"solar_panel_efficiency":	15,
		"motor_power_consumption":	8.40544128417969,
		"eva_time":	183,
		"batt_time_left":	1617,
		"oxy_pri_storage":	92.961540222167969,
		"oxy_sec_storage":	92.961540222167969,
		"oxy_pri_pressure":	2876.258056640625,
		"oxy_sec_pressure":	2821.837646484375,
		"oxy_time_left":	0,
		"suit_pressure_oxy":	4.3193159103393555,
		"suit_pressure_co2":	0.1912238597869873,
		"suit_pressure_other":	0,
		"suit_pressure_total":	4.458160400390625,
		"fan_pri_rpm":	33751332,
		"fan_sec_rpm":	8803.7841796875,
		"helmet_pressure_co2":	0.32559046149253845,
		"scrubber_a_co2_storage":	0.3685915470123291,
		"scrubber_b_co2_storage":	1,
		"temperature":	22.527109146118164,
		"coolant_ml":	186.49307250976562,
		"coolant_gas_pressure":	346.2471923828125,
		"coolant_liquid_pressure":	515.4793701171875,
		"heart_rate":	167.5,
		"oxy_consumption":	1386,
		"co2_production":	3005
	},
	"status":	{
		"started":	false,
		"paused":	false,
		"completed":	false,
		"total_time":	0,
		"uia":	{
			"started":	false,
			"completed":	false,
			"time":	0
		},
		"dcu":	{
			"started":	false,
			"completed":	false,
			"time":	0
		},
		"rover":	{
			"started":	false,
			"completed":	false,
			"time":	0
		},
		"spec":	{
			"started":	false,
			"completed":	false,
			"time":	0
		}
	},
	"dcu":	{