
{
	"telemetry": {
		"eva_time": 189,
		"eva1": {
			"batt_time_left": 3007.299805,
			"oxy_pri_storage": 21.443722,
			"oxy_sec_storage": 15.825571,
			"oxy_pri_pressure": 0.000000,
			"oxy_sec_pressure": 474.765320,
			"oxy_time_left": 4025,
			"heart_rate": 79.022148,
			"oxy_consumption": 414.016235,
			"co2_production": 763.310303,
			"suit_pressure_oxy": 3.072342,
			"suit_pressure_co2": 0.001753,
			"suit_pressure_other": 11.554200,
			"suit_pressure_total": 14.628295,
			"fan_pri_rpm": 0.000000,
			"fan_sec_rpm": 30001.000000,
			"helmet_pressure_co2": 0.074162,
			"scrubber_a_co2_storage": 0.000000,
			"scrubber_b_co2_storage": 15.492365,
			"temperature": 64.554375,
			"coolant_ml": 18.285448,
			"coolant_gas_pressure": 0.000000,
			"coolant_liquid_pressure": 90.800438
		},
		"eva2": {
			"batt_time_left": 4145.085449,
			"oxy_pri_storage": 21.913557,
			"oxy_sec_storage": 21.199966,
			"oxy_pri_pressure": 0.002622,
			"oxy_sec_pressure": 635.994202,
			"oxy_time_left": 4656,
			"heart_rate": 80.985619,
			"oxy_consumption": 468.345612,
			"co2_production": 815.727051,
			"suit_pressure_oxy": 3.072320,
			"suit_pressure_cO2": 0.001744,
			"suit_pressure_other": 11.554200,
			"suit_pressure_total": 14.628263,
			"fan_pri_rpm": 0.000000,
			"fan_sec_rpm": 30001.000000,
			"helmet_pressure_co2": 0.073846,
			"scrubber_a_co2_storage": 0.000000,
			"scrubber_b_co2_storage": 15.512787,
			"temperature": 87.418259,
			"coolant_ml": 12.028766,
			"coolant_gas_pressure": 60.004230,
			"coolant_liquid_pressure": 20.882984
		}
	}
}