
{
	"telemetry": {
		"eva_time": 40,
		"eva1": {
			"batt_time_left": 3007.299805,
			"oxy_pri_storage": 21.443722,
			"oxy_sec_storage": 17.205200,
			"oxy_pri_pressure": 0.001718,
			"oxy_sec_pressure": 516.162842,
			"oxy_time_left": 4174,
			"heart_rate": 80.358284,
			"oxy_consumption": 479.154999,
			"co2_production": 826.154663,
			"suit_pressure_oxy": 3.072315,
			"suit_pressure_co2": 0.001284,
			"suit_pressure_other": 11.554200,
			"suit_pressure_total": 14.627799,
			"fan_pri_rpm": 0.000000,
			"fan_sec_rpm": 30001.000000,
			"helmet_pressure_co2": 0.035849,
			"scrubber_a_co2_storage": 0.000000,
			"scrubber_b_co2_storage": 1.649597,
			"temperature": 72.991119,
			"coolant_ml": 18.285448,
			"coolant_gas_pressure": 0.000000,
			"coolant_liquid_pressure": 102.667328
		},
		"eva2": {
			"batt_time_left": 4145.085449,
			"oxy_pri_storage": 21.913557,
			"oxy_sec_storage": 22.579594,
			"oxy_pri_pressure": 0.002736,
			"oxy_sec_pressure": 677.392578,
			"oxy_time_left": 4805,
			"heart_rate": 82.338867,
			"oxy_consumption": 512.803284,
			"co2_production": 858.619080,
			"suit_pressure_oxy": 3.072315,
			"suit_pressure_cO2": 0.001521,
			"suit_pressure_other": 11.554200,
			"suit_pressure_total": 14.628036,
			"fan_pri_rpm": 0.000000,
			"fan_sec_rpm": 30001.000000,
			"helmet_pressure_co2": 0.035181,
			"scrubber_a_co2_storage": 0.000000,
			"scrubber_b_co2_storage": 1.635495,
			"temperature": 79.173866,
			"coolant_ml": 12.028766,
			"coolant_gas_pressure": 0.000000,
			"coolant_liquid_pressure": 73.258759
		}
	}
}