
{
	"telemetry": {
		"eva_time": 88,
		"eva1": {
			"batt_time_left": 3007.299805,
			"oxy_pri_storage": 21.443722,
			"oxy_sec_storage": 16.760756,
			"oxy_pri_pressure": 0.003463,
			"oxy_sec_pressure": 502.829071,
			"oxy_time_left": 4126,
			"heart_rate": 80.504448,
			"oxy_consumption": 480.207489,
			"co2_production": 827.169983,
			"suit_pressure_oxy": 3.072294,
			"suit_pressure_co2": 0.001383,
			"suit_pressure_other": 11.554200,
			"suit_pressure_total": 14.627878,
			"fan_pri_rpm": 0.000000,
			"fan_sec_rpm": 30001.000000,
			"helmet_pressure_co2": 0.057952,
			"scrubber_a_co2_storage": 0.000000,
			"scrubber_b_co2_storage": 5.137470,
			"temperature": 69.844078,
			"coolant_ml": 18.285448,
			"coolant_gas_pressure": 0.000000,
			"coolant_liquid_pressure": 98.240784
		},
		"eva2": {
			"batt_time_left": 4145.085449,
			"oxy_pri_storage": 21.913557,
			"oxy_sec_storage": 22.135151,
			"oxy_pri_pressure": 0.000000,
			"oxy_sec_pressure": 664.055969,
			"oxy_time_left": 4757,
			"heart_rate": 82.341995,
			"oxy_consumption": 510.789001,
			"co2_production": 856.675842,
			"suit_pressure_oxy": 3.072294,
			"suit_pressure_cO2": 0.001472,
			"suit_pressure_other": 11.554200,
			"suit_pressure_total": 14.627967,
			"fan_pri_rpm": 0.000000,
			"fan_sec_rpm": 30001.000000,
			"helmet_pressure_co2": 0.057278,
			"scrubber_a_co2_storage": 0.000000,
			"scrubber_b_co2_storage": 5.140143,
			"temperature": 82.843338,
			"coolant_ml": 12.028766,
			"coolant_gas_pressure": 21.795347,
			"coolant_liquid_pressure": 54.858734
		}
	}
}