{
	"telemetry":	{
		"eva1":	{
			"eva_time":	0,
			"oxy_pri_storage":	98.660606384277344,
			"oxy_sec_storage":	98.660606384277344,
			"oxy_pri_pressure":	2759.74755859375,
			"oxy_sec_pressure":	2709.356689453125,
			"oxy_time_left":	0,
			"suit_pressure_oxy":	4.0613923072814941,
			"suit_pressure_co2":	0.21084967255592346,
			"suit_pressure_other":	0,
			"suit_pressure_total":	4.2722420692443848,
			"fan_pri_rpm":	46751160,
			"fan_sec_rpm":	12722.626953125,
			"helmet_pressure_co2":	0.27410456538200378,
			"scrubber_a_co2_storage":	0.35298889875411987,
			"scrubber_b_co2_storage":	1,
			"temperature":	23.804409027099609,
			"coolant_ml":	200.63029479980469,
			"coolant_gas_pressure":	267.82443237304688,
			"coolant_liquid_pressure":	456.28973388671875,
			"heart_rate":	167.5,
			"oxy_consumption":	1386,
			"co2_production":	3005,
			"eva_elapsed_time":	26
		},
		"eva2":	{
			"eva_time":	0,
			"oxy_pri_storage":	99,
			"oxy_sec_storage":	99,
			"oxy_pri_pressure":	2853.74365234375,
			"oxy_sec_pressure":	2803.11962890625,
			"oxy_time_left":	0,
			"suit_pressure_oxy":	4.2247800827026367,
			"suit_pressure_co2":	0.13242943584918976,
			"suit_pressure_other":	0,
			"suit_pressure_total":	4.2722420692443848,
			"fan_pri_rpm":	33750948,
			"fan_sec_rpm":	10473.759765625,
			"helmet_pressure_co2":	0.23193465173244476,
			"scrubber_a_co2_storage":	0.28557842969894409,
			"scrubber_b_co2_storage":	1,
			"temperature":	21.267406463623047,
			"coolant_ml":	182.15205383300781,
			"coolant_gas_pressure":	276.28973388671875,
			"coolant_liquid_pressure":	469.07440185546875,
			"heart_rate":	109.79999542236328,
			"oxy_consumption":	1091.5,
			"co2_production":	2235
		}
	},
	"status":	{
		"started":	true,
		"paused":	false,
		"completed":	false,
		"total_time":	0,
		"uia":	{
			"started":	false,
			"completed":	false,
			"time":	0
		},
		"dcu":	{
			"started":	false,
			"completed":	false,
			"time":	0
		},
		"rover":	{
			"started":	false,
			"completed":	false,
			"time":	0
		},
		"spec":	{
			"started":	false,
			"completed":	false,
			"time":	0
		},
		"sim_running":	true
	},
	"dcu":	{
		"eva1":	{
			"batt":	false,
			"oxy":	false,
			"comm":	false,
			"fan":	false,
			"pump":	false,
			"co2":	false
		},
		"eva2":	{
			"batt":	false,
			"oxy":	false,
			"comm":	false,
			"fan":	false,
			"pump":	false,
			"co2":	false
		}
	},
	"error":	{
		"fan_error":	true,
		"oxy_error":	false,
		"batt_error":	false,
		"pump_error":	false
	},
	"imu":	{
		"eva1":	{
			"posx":	0,
			"posy":	0,
			"heading":	0
		},
		"eva2":	{
			"posx":	0,
			"posy":	0,
			"heading":	0
		}
	},
	"uia":	{
		"eva1_power":	false,
		"eva1_oxy":	true,
		"eva1_water_supply":	false,
		"eva1_water_waste":	true,
		"eva2_power":	false,
		"eva2_oxy":	false,
		"eva2_water_supply":	false,
		"eva2_water_waste":	false,
		"oxy_vent":	false,
		"depress":	false
	}
}