{
	"telemetry":	{
		"eva1":	{
			"primary_battery_level":	85,
			"secondary_battery_level":	100,
			"oxy_pri_storage":	34.200000762939453,
			"oxy_sec_storage":	48.040000915527344,
			"oxy_pri_pressure":	1026,
			"oxy_sec_pressure":	1441.2000732421875,
			"suit_pressure_oxy":	4,
			"suit_pressure_co2":	0.10000000149011612,
			"suit_pressure_other":	0,
			"suit_pressure_total":	4.0999999046325684,
			"helmet_pressure_co2":	0.15000000596046448,
			"fan_pri_rpm":	30000,
			"fan_sec_rpm":	30000,
			"scrubber_a_co2_storage":	70,
			"scrubber_b_co2_storage":	0,
			"temperature":	16.14033317565918,
			"coolant_storage":	100,
			"coolant_gas_pressure":	0,
			"coolant_liquid_pressure":	498.0653076171875,
			"heart_rate":	145.01751708984375,
			"oxy_consumption":	0.14001400768756866,
			"co2_production":	0.14001400768756866,
			"eva_elapsed_time":	1645
		},
		"eva2":	{
			"battery_level":	20,
			"oxy_pri_storage":	15.257575988769531,
			"oxy_sec_storage":	33.081817626953125,
			"oxy_pri_pressure":	1026,
			"oxy_sec_pressure":	1441.2000732421875,
			"suit_pressure_oxy":	4.0621881484985352,
			"suit_pressure_co2":	0.022968413308262825,
			"suit_pressure_other":	0,
			"suit_pressure_total":	4.0999999046325684,
			"helmet_pressure_co2":	0.15000000596046448,
			"fan_pri_rpm":	29000,
			"fan_sec_rpm":	29000,
			"scrubber_a_co2_storage":	0.74027001857757568,
			"scrubber_b_co2_storage":	59.2597427368164,
			"temperature":	16.14033317565918,
			"coolant_storage":	100,
			"coolant_gas_pressure":	0,
			"coolant_liquid_pressure":	498.0653076171875,
			"heart_rate":	88.2145233154297,
			"oxy_consumption":	0.1400415301322937,
			"co2_production":	0.1400415301322937,
			"eva_elapsed_time":	1645
		}
	},
	"status":	{
		"started":	true
	},
	"dcu":	{
		"eva1":	{
			"oxy":	false,
			"fan":	true,
			"pump":	true,
			"co2":	true,
			"batt":	{
				"lu":	true,
				"ps":	false
			}
		},
		"eva2":	{
			"batt":	false,
			"oxy":	false,
			"comm":	false,
			"fan":	false,
			"pump":	false,
			"co2":	false
		}
	},
	"error":	{
		"fan_error":	false,
		"oxy_error":	false,
		"power_error":	false,
		"scrubber_error":	true
	},
	"imu":	{
		"eva1":	{
			"posx":	0,
			"posy":	0,
			"heading":	0
		},
		"eva2":	{
			"posx":	0,
			"posy":	0,
			"heading":	0
		}
	},
	"uia":	{
		"eva1_power":	false,
		"eva1_oxy":	true,
		"eva1_water_supply":	false,
		"eva1_water_waste":	true,
		"eva2_power":	false,
		"eva2_oxy":	false,
		"eva2_water_supply":	false,
		"eva2_water_waste":	false,
		"oxy_vent":	false,
		"depress":	false
	}
}