{
	"telemetry":	{
		"eva1":	{
			"battery_level":	98.044441223144531,
			"oxy_pri_storage":	98.3000030517578,
			"oxy_sec_storage":	98.3000030517578,
			"oxy_pri_pressure":	2949,
			"oxy_sec_pressure":	2949,
			"oxy_time_left":	0,
			"suit_pressure_oxy":	4.0308585166931152,
			"suit_pressure_co2":	0.062961719930171967,
			"suit_pressure_other":	0,
			"suit_pressure_total":	4.0938200950622559,
			"fan_pri_rpm":	30000.296875,
			"fan_sec_rpm":	30000.248046875,
			"helmet_pressure_co2":	0.094442576169967651,
			"scrubber_a_co2_storage":	32.96514892578125,
			"scrubber_b_co2_storage":	27.03492546081543,
			"temperature":	81.193603515625,
			"coolant_storage":	100,
			"coolant_gas_pressure":	-500,
			"coolant_liquid_pressure":	500.9500732421875,
			"heart_rate":	4,
			"oxy_consumption":	-0.055935997515916824,
			"co2_production":	-0.055935997515916824,
			"eva_elapsed_time":	33
		},
		"eva2":	{
			"battery_level":	98.044441223144531,
			"oxy_pri_storage":	98.3000030517578,
			"oxy_sec_storage":	98.3000030517578,
			"oxy_pri_pressure":	2949,
			"oxy_sec_pressure":	2949,
			"oxy_time_left":	0,
			"suit_pressure_oxy":	4.0308585166931152,
			"suit_pressure_co2":	0.062961719930171967,
			"suit_pressure_other":	0,
			"suit_pressure_total":	4.0938200950622559,
			"fan_pri_rpm":	299999360,
			"fan_sec_rpm":	299999360,
			"helmet_pressure_co2":	0.094442576169967651,
			"scrubber_a_co2_storage":	32.96514892578125,
			"scrubber_b_co2_storage":	27.03492546081543,
			"temperature":	81.193603515625,
			"coolant_storage":	100,
			"coolant_gas_pressure":	-500,
			"coolant_liquid_pressure":	500.9500732421875,
			"heart_rate":	4,
			"oxy_consumption":	-0.055935997515916824,
			"co2_production":	-0.055935997515916824,
			"eva_elapsed_time":	33
		}
	},
	"status":	{
		"started":	true,
		"uia":	{
			"started":	true,
			"completed":	false,
			"time":	6890
		},
		"dcu":	{
			"started":	false,
			"completed":	false,
			"time":	0
		},
		"ltv":	{
			"started":	false,
			"completed":	false,
			"time":	0
		}
	},
	"dcu":	{
		"eva1":	{
			"batt":	true,
			"oxy":	false,
			"comm":	false,
			"fan":	false,
			"pump":	false,
			"co2":	false
		},
		"eva2":	{
			"batt":	false,
			"oxy":	false,
			"comm":	false,
			"fan":	false,
			"pump":	false,
			"co2":	false
		}
	},
	"error":	{
		"fan_error":	false,
		"oxy_error":	false,
		"batt_error":	false,
		"pump_error":	false
	},
	"imu":	{
		"eva1":	{
			"posx":	0,
			"posy":	0,
			"heading":	0
		},
		"eva2":	{
			"posx":	0,
			"posy":	0,
			"heading":	0
		}
	},
	"uia":	{
		"eva1_power":	true,
		"eva1_oxy":	true,
		"eva1_water_supply":	false,
		"eva1_water_waste":	true,
		"eva2_power":	false,
		"eva2_oxy":	false,
		"eva2_water_supply":	false,
		"eva2_water_waste":	true,
		"oxy_vent":	false,
		"depress":	true
	}
}