{
	"telemetry":	{
		"eva1":	{
			"battery_level":	99.573333740234375,
			"oxy_pri_storage":	99.587875366210938,
			"oxy_sec_storage":	99.587875366210938,
			"oxy_pri_pressure":	2987.63623046875,
			"oxy_sec_pressure":	2987.63623046875,
			"suit_pressure_oxy":	4.0076680183410645,
			"suit_pressure_co2":	0.053196586668491364,
			"suit_pressure_other":	0,
			"suit_pressure_total":	4.0608644485473633,
			"helmet_pressure_co2":	0.079794883728027344,
			"fan_pri_rpm":	30000.072265625,
			"fan_sec_rpm":	30000.060546875,
			"scrubber_a_co2_storage":	30.719930648803711,
			"scrubber_b_co2_storage":	29.280147552490234,
			"temperature":	72.87005615234375,
			"coolant_storage":	100,
			"coolant_gas_pressure":	-500,
			"coolant_liquid_pressure":	500.23941040039062,
			"heart_rate":	4,
			"oxy_consumption":	-0.055935997515916824,
			"co2_production":	-0.055935997515916824,
			"eva_elapsed_time":	8
		},
		"eva2":	{
			"battery_level":	99.5259246826172,
			"oxy_pri_storage":	99.587875366210938,
			"oxy_sec_storage":	99.587875366210938,
			"oxy_pri_pressure":	2987.63623046875,
			"oxy_sec_pressure":	2987.63623046875,
			"suit_pressure_oxy":	4.0076680183410645,
			"suit_pressure_co2":	0.053196586668491364,
			"suit_pressure_other":	0,
			"suit_pressure_total":	4.0608644485473633,
			"helmet_pressure_co2":	0.079794883728027344,
			"fan_pri_rpm":	299999488,
			"fan_sec_rpm":	299999488,
			"scrubber_a_co2_storage":	30.719930648803711,
			"scrubber_b_co2_storage":	29.280147552490234,
			"temperature":	72.87005615234375,
			"coolant_storage":	100,
			"coolant_gas_pressure":	-500,
			"coolant_liquid_pressure":	500.23941040039062,
			"heart_rate":	4,
			"oxy_consumption":	-0.055935997515916824,
			"co2_production":	-0.055935997515916824,
			"eva_elapsed_time":	8
		}
	},
	"status":	{
		"started":	true
	},
	"dcu":	{
		"eva1":	{
			"batt":	false,
			"oxy":	false,
			"comm":	false,
			"fan":	false,
			"pump":	false,
			"co2":	false
		},
		"eva2":	{
			"batt":	false,
			"oxy":	false,
			"comm":	false,
			"fan":	false,
			"pump":	false,
			"co2":	false
		}
	},
	"error":	{
		"fan_error":	false,
		"oxy_error":	false,
		"power_error":	false,
		"pump_error":	false
	},
	"imu":	{
		"eva1":	{
			"posx":	0,
			"posy":	0,
			"heading":	0
		},
		"eva2":	{
			"posx":	0,
			"posy":	0,
			"heading":	0
		}
	},
	"uia":	{
		"eva1_power":	false,
		"eva1_oxy":	false,
		"eva1_water_supply":	false,
		"eva1_water_waste":	false,
		"eva2_power":	false,
		"eva2_oxy":	false,
		"eva2_water_supply":	false,
		"eva2_water_waste":	false,
		"oxy_vent":	false,
		"depress":	false
	}
}