{
	"telemetry":	{
		"eva1":	{
			"primary_battery_level":	0,
			"secondary_battery_level":	100,
			"oxy_pri_storage":	0,
			"oxy_sec_storage":	99.5999984741211,
			"oxy_pri_pressure":	0,
			"oxy_sec_pressure":	2988,
			"suit_pressure_oxy":	4.02455711364746,
			"suit_pressure_co2":	0.060283221304416656,
			"suit_pressure_other":	0,
			"suit_pressure_total":	4.0848402976989746,
			"helmet_pressure_co2":	0.0904248356819153,
			"fan_pri_rpm":	29500.08984375,
			"fan_sec_rpm":	30000.1953125,
			"scrubber_a_co2_storage":	32.337627410888672,
			"scrubber_b_co2_storage":	30.000076293945312,
			"temperature":	23.40062141418457,
			"coolant_storage":	100,
			"coolant_gas_pressure":	0,
			"coolant_liquid_pressure":	500.7603759765625,
			"heart_rate":	90.8282241821289,
			"oxy_consumption":	0.096662580966949463,
			"co2_production":	0.096662580966949463,
			"eva_elapsed_time":	26
		},
		"eva2":	{
			"battery_level":	98.459259033203125,
			"oxy_pri_storage":	98.660606384277344,
			"oxy_sec_storage":	99.484848022460938,
			"oxy_pri_pressure":	0,
			"oxy_sec_pressure":	2988,
			"suit_pressure_oxy":	4.02455711364746,
			"suit_pressure_co2":	0.060283221304416656,
			"suit_pressure_other":	0,
			"suit_pressure_total":	4.0848402976989746,
			"helmet_pressure_co2":	0.0904248356819153,
			"fan_pri_rpm":	29397.16796875,
			"fan_sec_rpm":	29397.16796875,
			"scrubber_a_co2_storage":	32.337627410888672,
			"scrubber_b_co2_storage":	30.000076293945312,
			"temperature":	23.40062141418457,
			"coolant_storage":	100,
			"coolant_gas_pressure":	0,
			"coolant_liquid_pressure":	500.7603759765625,
			"heart_rate":	90.8282241821289,
			"oxy_consumption":	0.096638873219490051,
			"co2_production":	0.096638873219490051,
			"eva_elapsed_time":	26
		}
	},
	"status":	{
		"started":	true
	},
	"dcu":	{
		"eva1":	{
			"oxy":	false,
			"fan":	false,
			"pump":	true,
			"co2":	true,
			"batt":	{
				"lu":	false,
				"ps":	true
			}
		},
		"eva2":	{
			"batt":	false,
			"oxy":	false,
			"comm":	false,
			"fan":	false,
			"pump":	false,
			"co2":	false
		}
	},
	"error":	{
		"fan_error":	false,
		"oxy_error":	false,
		"power_error":	true
	},
	"imu":	{
		"eva1":	{
			"posx":	0,
			"posy":	0,
			"heading":	0
		},
		"eva2":	{
			"posx":	0,
			"posy":	0,
			"heading":	0
		}
	},
	"uia":	{
		"eva1_power":	false,
		"eva1_oxy":	false,
		"eva1_water_supply":	false,
		"eva1_water_waste":	false,
		"eva2_power":	false,
		"eva2_oxy":	false,
		"eva2_water_supply":	false,
		"eva2_water_waste":	false,
		"oxy_vent":	false,
		"depress":	false
	}
}