{
	"telemetry":	{
		"eva1":	{
			"primary_battery_level":	0,
			"secondary_battery_level":	100,
			"oxy_pri_storage":	0,
			"oxy_sec_storage":	98.8000030517578,
			"oxy_pri_pressure":	0,
			"oxy_sec_pressure":	2964,
			"suit_pressure_oxy":	4.02818202972412,
			"suit_pressure_co2":	0.061820808798074722,
			"suit_pressure_other":	0,
			"suit_pressure_total":	4.09000301361084,
			"helmet_pressure_co2":	0.092731215059757233,
			"fan_pri_rpm":	29500,
			"fan_sec_rpm":	30000.224609375,
			"scrubber_a_co2_storage":	32.696357727050781,
			"scrubber_b_co2_storage":	30.000076293945312,
			"temperature":	23.72209358215332,
			"coolant_storage":	96.666664123535156,
			"coolant_gas_pressure":	0,
			"coolant_liquid_pressure":	500.86993408203125,
			"heart_rate":	90.943954467773438,
			"oxy_consumption":	0.096755161881446838,
			"co2_production":	0.096755161881446838,
			"eva_elapsed_time":	30
		},
		"eva2":	{
			"battery_level":	98.2222213745117,
			"oxy_pri_storage":	98.969696044921875,
			"oxy_sec_storage":	98.4545440673828,
			"oxy_pri_pressure":	0,
			"oxy_sec_pressure":	2964,
			"suit_pressure_oxy":	4.02818202972412,
			"suit_pressure_co2":	0.061820808798074722,
			"suit_pressure_other":	0,
			"suit_pressure_total":	4.09000301361084,
			"helmet_pressure_co2":	0.092731215059757233,
			"fan_pri_rpm":	29381.791015625,
			"fan_sec_rpm":	29381.791015625,
			"scrubber_a_co2_storage":	32.696357727050781,
			"scrubber_b_co2_storage":	30.000076293945312,
			"temperature":	23.72209358215332,
			"coolant_storage":	100,
			"coolant_gas_pressure":	0,
			"coolant_liquid_pressure":	500.86993408203125,
			"heart_rate":	90.943954467773438,
			"oxy_consumption":	0.096732363104820251,
			"co2_production":	0.096732363104820251,
			"eva_elapsed_time":	30
		}
	},
	"status":	{
		"started":	true
	},
	"dcu":	{
		"eva1":	{
			"oxy":	false,
			"fan":	false,
			"pump":	true,
			"co2":	true,
			"batt":	{
				"lu":	false,
				"ps":	true
			}
		},
		"eva2":	{
			"batt":	false,
			"oxy":	false,
			"comm":	false,
			"fan":	false,
			"pump":	false,
			"co2":	false
		}
	},
	"error":	{
		"fan_error":	false,
		"oxy_error":	false,
		"power_error":	true
	},
	"imu":	{
		"eva1":	{
			"posx":	0,
			"posy":	0,
			"heading":	0
		},
		"eva2":	{
			"posx":	0,
			"posy":	0,
			"heading":	0
		}
	},
	"uia":	{
		"eva1_power":	false,
		"eva1_oxy":	false,
		"eva1_water_supply":	false,
		"eva1_water_waste":	false,
		"eva2_power":	false,
		"eva2_oxy":	false,
		"eva2_water_supply":	false,
		"eva2_water_waste":	false,
		"oxy_vent":	false,
		"depress":	false
	}
}