{
	"telemetry":	{
		"eva1":	{
			"primary_battery_level":	100,
			"secondary_battery_level":	100,
			"oxy_pri_storage":	86.360000610351562,
			"oxy_sec_storage":	97.639999389648438,
			"oxy_pri_pressure":	2590.800048828125,
			"oxy_sec_pressure":	2929.199951171875,
			"suit_pressure_oxy":	3.920306921005249,
			"suit_pressure_co2":	0.014999992214143276,
			"suit_pressure_other":	0,
			"suit_pressure_total":	3.9353070259094238,
			"helmet_pressure_co2":	0.022499987855553627,
			"fan_pri_rpm":	49650,
			"fan_sec_rpm":	30000,
			"scrubber_a_co2_storage":	5.6099996566772461,
			"scrubber_b_co2_storage":	57.750137329101562,
			"temperature":	25.147705078125,
			"coolant_storage":	100,
			"coolant_gas_pressure":	0,
			"coolant_liquid_pressure":	500,
			"heart_rate":	91.4571762084961,
			"oxy_consumption":	0.0971657410264015,
			"co2_production":	0.0971657410264015,
			"eva_elapsed_time":	400
		},
		"eva2":	{
			"battery_level":	76.296295166015625,
			"oxy_pri_storage":	82.433334350585938,
			"oxy_sec_storage":	96.960609436035156,
			"oxy_pri_pressure":	2590.800048828125,
			"oxy_sec_pressure":	2929.199951171875,
			"suit_pressure_oxy":	3.920306921005249,
			"suit_pressure_co2":	0.019727900624275208,
			"suit_pressure_other":	0,
			"suit_pressure_total":	3.9353070259094238,
			"helmet_pressure_co2":	0.022499987855553627,
			"fan_pri_rpm":	29850,
			"fan_sec_rpm":	29850,
			"scrubber_a_co2_storage":	57.961174011230469,
			"scrubber_b_co2_storage":	2.0388579368591309,
			"temperature":	25.147705078125,
			"coolant_storage":	100,
			"coolant_gas_pressure":	0,
			"coolant_liquid_pressure":	500,
			"heart_rate":	91.4571762084961,
			"oxy_consumption":	0.097149468958377838,
			"co2_production":	0.097149468958377838,
			"eva_elapsed_time":	400
		}
	},
	"status":	{
		"started":	true
	},
	"dcu":	{
		"eva1":	{
			"oxy":	true,
			"fan":	false,
			"pump":	false,
			"co2":	true,
			"batt":	{
				"lu":	true,
				"ps":	true
			}
		},
		"eva2":	{
			"batt":	false,
			"oxy":	false,
			"comm":	false,
			"fan":	false,
			"pump":	false,
			"co2":	false
		}
	},
	"error":	{
		"fan_error":	false,
		"oxy_error":	false,
		"power_error":	false,
		"scrubber_error":	false
	},
	"imu":	{
		"eva1":	{
			"posx":	0,
			"posy":	0,
			"heading":	0
		},
		"eva2":	{
			"posx":	0,
			"posy":	0,
			"heading":	0
		}
	},
	"uia":	{
		"eva1_power":	false,
		"eva1_oxy":	false,
		"eva1_water_supply":	false,
		"eva1_water_waste":	false,
		"eva2_power":	false,
		"eva2_oxy":	false,
		"eva2_water_supply":	false,
		"eva2_water_waste":	false,
		"oxy_vent":	false,
		"depress":	false
	}
}