{
	"telemetry":	{
		"eva1":	{
			"primary_battery_level":	98.8499984741211,
			"secondary_battery_level":	100,
			"oxy_pri_storage":	34.8740005493164,
			"oxy_sec_storage":	100,
			"oxy_pri_pressure":	1046.219970703125,
			"oxy_sec_pressure":	3000,
			"suit_pressure_oxy":	4.02180051803589,
			"suit_pressure_co2":	0.05911910161376,
			"suit_pressure_other":	0,
			"suit_pressure_total":	4.0809197425842285,
			"helmet_pressure_co2":	0.088678650557994843,
			"fan_pri_rpm":	29500.20703125,
			"fan_sec_rpm":	30000.171875,
			"scrubber_a_co2_storage":	32.068359375,
			"scrubber_b_co2_storage":	27.931716918945312,
			"temperature":	23.1515998840332,
			"coolant_storage":	100,
			"coolant_gas_pressure":	0,
			"coolant_liquid_pressure":	500.6763916015625,
			"heart_rate":	90.7385787963867,
			"oxy_consumption":	0.096590861678123474,
			"co2_production":	0.096590861678123474,
			"eva_elapsed_time":	23
		},
		"eva2":	{
			"battery_level":	98.6370391845703,
			"oxy_pri_storage":	98.815155029296875,
			"oxy_sec_storage":	98.815155029296875,
			"oxy_pri_pressure":	1046.219970703125,
			"oxy_sec_pressure":	3000,
			"suit_pressure_oxy":	4.02180051803589,
			"suit_pressure_co2":	0.05911910161376,
			"suit_pressure_other":	0,
			"suit_pressure_total":	4.0809197425842285,
			"helmet_pressure_co2":	0.088678650557994843,
			"fan_pri_rpm":	29408.80859375,
			"fan_sec_rpm":	29408.80859375,
			"scrubber_a_co2_storage":	32.068359375,
			"scrubber_b_co2_storage":	27.931716918945312,
			"temperature":	23.1515998840332,
			"coolant_storage":	100,
			"coolant_gas_pressure":	0,
			"coolant_liquid_pressure":	500.6763916015625,
			"heart_rate":	90.7385787963867,
			"oxy_consumption":	0.0965665578842163,
			"co2_production":	0.0965665578842163,
			"eva_elapsed_time":	23
		}
	},
	"status":	{
		"started":	true
	},
	"dcu":	{
		"eva1":	{
			"oxy":	true,
			"comm":	false,
			"fan":	true,
			"pump":	true,
			"co2":	true,
			"batt":	{
				"lu":	false,
				"ps":	true
			}
		},
		"eva2":	{
			"batt":	false,
			"oxy":	false,
			"comm":	false,
			"fan":	false,
			"pump":	false,
			"co2":	false
		}
	},
	"error":	{
		"fan_error":	false,
		"oxy_error":	false,
		"power_error":	false,
		"pump_error":	false
	},
	"imu":	{
		"eva1":	{
			"posx":	0,
			"posy":	0,
			"heading":	0
		},
		"eva2":	{
			"posx":	0,
			"posy":	0,
			"heading":	0
		}
	},
	"uia":	{
		"eva1_power":	false,
		"eva1_oxy":	false,
		"eva1_water_supply":	false,
		"eva1_water_waste":	false,
		"eva2_power":	false,
		"eva2_oxy":	false,
		"eva2_water_supply":	false,
		"eva2_water_waste":	false,
		"oxy_vent":	false,
		"depress":	false
	}
}