{
	"telemetry":	{
		"eva1":	{
			"primary_battery_level":	99.4000015258789,
			"secondary_battery_level":	98.75,
			"oxy_pri_storage":	0,
			"oxy_sec_storage":	100,
			"oxy_pri_pressure":	0,
			"oxy_sec_pressure":	3000,
			"suit_pressure_oxy":	4.0343642234802246,
			"suit_pressure_co2":	0.064464621245861053,
			"suit_pressure_other":	0,
			"suit_pressure_total":	4.0988287925720215,
			"helmet_pressure_co2":	0.0966969281435013,
			"fan_pri_rpm":	29500.33203125,
			"fan_sec_rpm":	30000,
			"scrubber_a_co2_storage":	33.323165893554688,
			"scrubber_b_co2_storage":	30.000076293945312,
			"temperature":	24.251012802124023,
			"coolant_storage":	100,
			"coolant_gas_pressure":	0,
			"coolant_liquid_pressure":	500,
			"heart_rate":	91.134361267089844,
			"oxy_consumption":	0.096907489001750946,
			"co2_production":	0.096907489001750946,
			"eva_elapsed_time":	37
		},
		"eva2":	{
			"battery_level":	97.807403564453125,
			"oxy_pri_storage":	98.0939407348633,
			"oxy_sec_storage":	100,
			"oxy_pri_pressure":	0,
			"oxy_sec_pressure":	3000,
			"suit_pressure_oxy":	4.0343642234802246,
			"suit_pressure_co2":	0.064464621245861053,
			"suit_pressure_other":	0,
			"suit_pressure_total":	4.0988287925720215,
			"helmet_pressure_co2":	0.0966969281435013,
			"fan_pri_rpm":	29355.353515625,
			"fan_sec_rpm":	29355.353515625,
			"scrubber_a_co2_storage":	33.323165893554688,
			"scrubber_b_co2_storage":	30.000076293945312,
			"temperature":	24.251012802124023,
			"coolant_storage":	100,
			"coolant_gas_pressure":	0,
			"coolant_liquid_pressure":	500,
			"heart_rate":	91.134361267089844,
			"oxy_consumption":	0.0968865603208542,
			"co2_production":	0.0968865603208542,
			"eva_elapsed_time":	37
		}
	},
	"status":	{
		"started":	true
	},
	"dcu":	{
		"eva1":	{
			"oxy":	true,
			"comm":	false,
			"fan":	true,
			"pump":	false,
			"co2":	true,
			"batt":	{
				"lu":	false,
				"ps":	true
			}
		},
		"eva2":	{
			"batt":	false,
			"oxy":	false,
			"comm":	false,
			"fan":	false,
			"pump":	false,
			"co2":	false
		}
	},
	"error":	{
		"fan_error":	false,
		"oxy_error":	false,
		"power_error":	false,
		"pump_error":	false
	},
	"imu":	{
		"eva1":	{
			"posx":	0,
			"posy":	0,
			"heading":	0
		},
		"eva2":	{
			"posx":	0,
			"posy":	0,
			"heading":	0
		}
	},
	"uia":	{
		"eva1_power":	false,
		"eva1_oxy":	false,
		"eva1_water_supply":	false,
		"eva1_water_waste":	false,
		"eva2_power":	false,
		"eva2_oxy":	false,
		"eva2_water_supply":	false,
		"eva2_water_waste":	false,
		"oxy_vent":	false,
		"depress":	false
	}
}