{
	"telemetry":	{
		"eva1":	{
			"battery_level":	97.6800003051758,
			"oxy_pri_storage":	98.1439971923828,
			"oxy_sec_storage":	100,
			"oxy_pri_pressure":	2944.31982421875,
			"oxy_sec_pressure":	3000,
			"suit_pressure_oxy":	4.0512924194335938,
			"suit_pressure_co2":	0.0719209611415863,
			"suit_pressure_other":	0,
			"suit_pressure_total":	4.1232132911682129,
			"helmet_pressure_co2":	0.10788144171237946,
			"fan_pri_rpm":	30000.51953125,
			"fan_sec_rpm":	30000.43359375,
			"scrubber_a_co2_storage":	35.193698883056641,
			"scrubber_b_co2_storage":	24.806373596191406,
			"temperature":	25.508552551269531,
			"coolant_storage":	100,
			"coolant_gas_pressure":	0,
			"coolant_liquid_pressure":	501.52865600585938,
			"heart_rate":	91.5870819091797,
			"oxy_consumption":	0.0972696617245674,
			"co2_production":	0.0972696617245674,
			"eva_elapsed_time":	58
		},
		"eva2":	{
			"battery_level":	96.5629653930664,
			"oxy_pri_storage":	97.012123107910156,
			"oxy_sec_storage":	97.012123107910156,
			"oxy_pri_pressure":	2944.31982421875,
			"oxy_sec_pressure":	3000,
			"suit_pressure_oxy":	4.0512924194335938,
			"suit_pressure_co2":	0.0719209611415863,
			"suit_pressure_other":	0,
			"suit_pressure_total":	4.1232132911682129,
			"helmet_pressure_co2":	0.10788144171237946,
			"fan_pri_rpm":	29280.791015625,
			"fan_sec_rpm":	29280.791015625,
			"scrubber_a_co2_storage":	35.193698883056641,
			"scrubber_b_co2_storage":	24.806373596191406,
			"temperature":	25.508552551269531,
			"coolant_storage":	100,
			"coolant_gas_pressure":	0,
			"coolant_liquid_pressure":	501.52865600585938,
			"heart_rate":	91.5870819091797,
			"oxy_consumption":	0.0972561612725258,
			"co2_production":	0.0972561612725258,
			"eva_elapsed_time":	58
		}
	},
	"status":	{
		"started":	true
	},
	"dcu":	{
		"eva1":	{
			"batt":	true,
			"oxy":	true,
			"comm":	false,
			"fan":	true,
			"pump":	true,
			"co2":	true
		},
		"eva2":	{
			"batt":	false,
			"oxy":	false,
			"comm":	false,
			"fan":	false,
			"pump":	false,
			"co2":	false
		}
	},
	"error":	{
		"fan_error":	false,
		"oxy_error":	true,
		"power_error":	false,
		"pump_error":	false
	},
	"imu":	{
		"eva1":	{
			"posx":	0,
			"posy":	0,
			"heading":	0
		},
		"eva2":	{
			"posx":	0,
			"posy":	0,
			"heading":	0
		}
	},
	"uia":	{
		"eva1_power":	false,
		"eva1_oxy":	false,
		"eva1_water_supply":	false,
		"eva1_water_waste":	false,
		"eva2_power":	false,
		"eva2_oxy":	false,
		"eva2_water_supply":	false,
		"eva2_water_waste":	false,
		"oxy_vent":	false,
		"depress":	false
	}
}