{
	"pr_telemetry":	{
		"ac_heating":	true,
		"ac_cooling":	true,
		"co2_scrubber":	false,
		"lights_on":	true,
		"brakes":	false,
		"in_sunlight":	false,
		"fan_pri":	true,
		"dust_wiper":	false,
		"throttle":	0,
		"steering":	0,
		"current_pos_x":	0,
		"current_pos_y":	0,
		"current_pos_alt":	0,
		"heading":	0,
		"pitch":	0,
		"roll":	0,
		"distance_traveled":	0,
		"speed":	0,
		"surface_incline":	4.8555941581726074,
		"distance_from_base":	0,
		"lidar":	[0, 0, 0, 0, 0, 0, 0, 0, 0, 0, 0, 0, 0],
		"oxygen_tank":	91.34814453125,
		"oxygen_pressure":	2740.4443359375,
		"oxygen_levels":	0.12999999523162842,
		"ac_fan_pri":	17172.53515625,
		"ac_fan_sec":	13451.9091796875,
		"cabin_pressure":	4.1654095649719238,
		"cabin_temperature":	-4864.69921875,
		"battery_level":	94.8629608154297,
		"power_consumption_rate":	2261250304,
		"solar_panel_efficiency":	15,
		"external_temp":	-27.0816593170166,
		"pr_coolant_level":	44.5,
		"pr_coolant_pressure":	0,
		"pr_coolant_tank":	99.695831298828125,
		"radiator":	82.1967010498047,
		"terrain_condition":	135.43321228027344,
		"rover_sim_elapsed_time":	73,
		"sim_running":	true,
		"solar_generation":	52.5,
		"motor_temp":	21.87550163269043,
		"switch_dest":	0
	}
}