
{
	"telemetry": {
		"eva_time": 908,
		"eva1": {
			"batt_time_left": 437.000000,
			"oxy_pri_storage": 0.299726,
			"oxy_sec_storage": 0.299726,
			"oxy_pri_pressure": 2958.268311,
			"oxy_sec_pressure": 2883.380371,
			"oxy_time_left": 64,
			"heart_rate": 88.711487,
			"oxy_consumption": 717.787109,
			"co2_production": 729.075684,
			"suit_pressure_oxy": 4.188802,
			"suit_pressure_co2": 0.073908,
			"suit_pressure_other": 0.000000,
			"suit_pressure_total": 4.262709,
			"fan_pri_rpm": 20378.664062,
			"fan_sec_rpm": 375001120.000000,
			"helmet_pressure_co2": 0.088689,
			"scrubber_a_co2_storage": 17.095127,
			"scrubber_b_co2_storage": 100.000000,
			"temperature": 79.519135,
			"coolant_ml": 78.577042,
			"coolant_gas_pressure": 335.253418,
			"coolant_liquid_pressure": 392.323273
		},
		"eva2": {
			"batt_time_left": 437.000000,
			"oxy_pri_storage": 0.299726,
			"oxy_sec_storage": 0.299726,
			"oxy_pri_pressure": 2958.268311,
			"oxy_sec_pressure": 2883.380371,
			"oxy_time_left": 64,
			"heart_rate": 88.711487,
			"oxy_consumption": 717.787109,
			"co2_production": 729.075684,
			"suit_pressure_oxy": 4.188802,
			"suit_pressure_co2": 0.073908,
			"suit_pressure_other": 0.000000,
			"suit_pressure_total": 4.262709,
			"fan_pri_rpm": 20378.664062,
			"fan_sec_rpm": 375001120.000000,
			"helmet_pressure_co2": 0.088689,
			"scrubber_a_co2_storage": 17.095127,
			"scrubber_b_co2_storage": 100.000000,
			"temperature": 79.519135,
			"coolant_ml": 78.577042,
			"coolant_gas_pressure": 335.253418,
			"coolant_liquid_pressure": 392.323273
		}
	}
}