
{
	"telemetry": {
		"eva_time": 781,
		"eva1": {
			"batt_time_left": 0.000000,
			"oxy_pri_storage": 0.000000,
			"oxy_sec_storage": 0.000000,
			"oxy_pri_pressure": 0.000000,
			"oxy_sec_pressure": 0.000000,
			"oxy_time_left": 0,
			"heart_rate": 91.725510,
			"oxy_consumption": 834.403564,
			"co2_production": 1168.880981,
			"suit_pressure_oxy": 0.000000,
			"suit_pressure_co2": 0.000000,
			"suit_pressure_other": 0.000000,
			"suit_pressure_total": 0.000000,
			"fan_pri_rpm": 20861.449219,
			"fan_sec_rpm": 375001760.000000,
			"helmet_pressure_co2": 0.000000,
			"scrubber_a_co2_storage": 0.000000,
			"scrubber_b_co2_storage": 0.000000,
			"temperature": 64.656876,
			"coolant_ml": 0.000000,
			"coolant_gas_pressure": 0.000000,
			"coolant_liquid_pressure": 0.000000
		},
		"eva2": {
			"batt_time_left": 0.000000,
			"oxy_pri_storage": 0.000000,
			"oxy_sec_storage": 0.000000,
			"oxy_pri_pressure": 0.000000,
			"oxy_sec_pressure": 0.000000,
			"oxy_time_left": 0,
			"heart_rate": 91.725510,
			"oxy_consumption": 834.403564,
			"co2_production": 1168.880981,
			"suit_pressure_oxy": 0.000000,
			"suit_pressure_cO2": 0.000000,
			"suit_pressure_other": 0.000000,
			"suit_pressure_total": 0.000000,
			"fan_pri_rpm": 20861.449219,
			"fan_sec_rpm": 375001760.000000,
			"helmet_pressure_co2": 0.000000,
			"scrubber_a_co2_storage": 0.000000,
			"scrubber_b_co2_storage": 0.000000,
			"temperature": 64.656876,
			"coolant_ml": 0.000000,
			"coolant_gas_pressure": 0.000000,
			"coolant_liquid_pressure": 0.000000
		}
	}
}