
{
	"telemetry": {
		"eva_time": 8767,
		"eva1": {
			"batt_time_left": 5077.148926,
			"oxy_pri_storage": 23.755802,
			"oxy_sec_storage": 0.000000,
			"oxy_pri_pressure": 0.003972,
			"oxy_sec_pressure": 0.000000,
			"oxy_time_left": 2565,
			"heart_rate": 119.459396,
			"oxy_consumption": 1739.189209,
			"co2_production": 2041.774536,
			"suit_pressure_oxy": 3.072309,
			"suit_pressure_co2": 18.014584,
			"suit_pressure_other": 11.554200,
			"suit_pressure_total": 32.641094,
			"fan_pri_rpm": 0.000000,
			"fan_sec_rpm": 30001.000000,
			"helmet_pressure_co2": 16.404934,
			"scrubber_a_co2_storage": 0.000000,
			"scrubber_b_co2_storage": 100.015533,
			"temperature": 76.453293,
			"coolant_ml": 20.508068,
			"coolant_gas_pressure": 0.000000,
			"coolant_liquid_pressure": 120.608421
		},
		"eva2": {
			"batt_time_left": 3384.893799,
			"oxy_pri_storage": 24.231962,
			"oxy_sec_storage": 0.000000,
			"oxy_pri_pressure": 0.007589,
			"oxy_sec_pressure": 0.000000,
			"oxy_time_left": 2617,
			"heart_rate": 121.291039,
			"oxy_consumption": 1803.926880,
			"co2_production": 2104.232422,
			"suit_pressure_oxy": 3.072333,
			"suit_pressure_cO2": 18.014244,
			"suit_pressure_other": 11.554200,
			"suit_pressure_total": 32.640778,
			"fan_pri_rpm": 0.000000,
			"fan_sec_rpm": 30001.000000,
			"helmet_pressure_co2": 16.404743,
			"scrubber_a_co2_storage": 0.000000,
			"scrubber_b_co2_storage": 100.088486,
			"temperature": 76.621925,
			"coolant_ml": 22.034748,
			"coolant_gas_pressure": 0.000000,
			"coolant_liquid_pressure": 129.872681
		}
	}
}