
{
	"telemetry": {
		"eva_time": 27,
		"eva1": {
			"batt_time_left": 5077.148926,
			"oxy_pri_storage": 23.755802,
			"oxy_sec_storage": 15.239530,
			"oxy_pri_pressure": 0.004473,
			"oxy_sec_pressure": 457.187256,
			"oxy_time_left": 4211,
			"heart_rate": 108.263039,
			"oxy_consumption": 0.098673,
			"co2_production": 0.096156,
			"suit_pressure_oxy": 3.072335,
			"suit_pressure_co2": 0.001259,
			"suit_pressure_other": 11.554200,
			"suit_pressure_total": 14.627794,
			"fan_pri_rpm": 0.000000,
			"fan_sec_rpm": 30001.000000,
			"helmet_pressure_co2": 0.034015,
			"scrubber_a_co2_storage": 0.000000,
			"scrubber_b_co2_storage": 1.237575,
			"temperature": 72.691216,
			"coolant_ml": 20.508068,
			"coolant_gas_pressure": 0.000000,
			"coolant_liquid_pressure": 114.673569
		},
		"eva2": {
			"batt_time_left": 3384.893799,
			"oxy_pri_storage": 24.231962,
			"oxy_sec_storage": 19.169136,
			"oxy_pri_pressure": 0.004061,
			"oxy_sec_pressure": 575.080322,
			"oxy_time_left": 4687,
			"heart_rate": 106.513535,
			"oxy_consumption": 0.100365,
			"co2_production": 0.102423,
			"suit_pressure_oxy": 3.072343,
			"suit_pressure_cO2": 0.001322,
			"suit_pressure_other": 11.554200,
			"suit_pressure_total": 14.627865,
			"fan_pri_rpm": 0.000000,
			"fan_sec_rpm": 30001.000000,
			"helmet_pressure_co2": 0.033387,
			"scrubber_a_co2_storage": 0.000000,
			"scrubber_b_co2_storage": 1.198882,
			"temperature": 78.077087,
			"coolant_ml": 22.034748,
			"coolant_gas_pressure": 0.000000,
			"coolant_liquid_pressure": 132.339157
		}
	}
}