
{
	"telemetry": {
		"eva_time": 6,
		"eva1": {
			"batt_time_left": 5077.148926,
			"oxy_pri_storage": 23.755802,
			"oxy_sec_storage": 15.433973,
			"oxy_pri_pressure": 0.002727,
			"oxy_sec_pressure": 463.020264,
			"oxy_time_left": 4232,
			"heart_rate": 88.782364,
			"oxy_consumption": 766.647644,
			"co2_production": 1103.512085,
			"suit_pressure_oxy": 3.072335,
			"suit_pressure_co2": 3.840676,
			"suit_pressure_other": 11.554200,
			"suit_pressure_total": 18.467211,
			"fan_pri_rpm": 0.000000,
			"fan_sec_rpm": 29991.435547,
			"helmet_pressure_co2": 93.720070,
			"scrubber_a_co2_storage": 0.000000,
			"scrubber_b_co2_storage": 110.300209,
			"temperature": 72.238304,
			"coolant_ml": 20.508068,
			"coolant_gas_pressure": 0.000000,
			"coolant_liquid_pressure": 113.959084
		},
		"eva2": {
			"batt_time_left": 3384.893799,
			"oxy_pri_storage": 24.231962,
			"oxy_sec_storage": 19.363579,
			"oxy_pri_pressure": 0.005300,
			"oxy_sec_pressure": 580.914673,
			"oxy_time_left": 4708,
			"heart_rate": 90.427864,
			"oxy_consumption": 791.294067,
			"co2_production": 1127.291504,
			"suit_pressure_oxy": 3.072329,
			"suit_pressure_cO2": 4.021396,
			"suit_pressure_other": 11.554200,
			"suit_pressure_total": 18.647924,
			"fan_pri_rpm": 0.000000,
			"fan_sec_rpm": 29904.023438,
			"helmet_pressure_co2": 97.278358,
			"scrubber_a_co2_storage": 0.000000,
			"scrubber_b_co2_storage": 100.331352,
			"temperature": 76.924957,
			"coolant_ml": 22.034748,
			"coolant_gas_pressure": 0.000000,
			"coolant_liquid_pressure": 130.386307
		}
	}
}