
{
	"telemetry": {
		"eva_time": 3,
		"eva1": {
			"batt_time_left": 5077.148926,
			"oxy_pri_storage": 23.755802,
			"oxy_sec_storage": 15.461752,
			"oxy_pri_pressure": 0.002512,
			"oxy_sec_pressure": 463.851410,
			"oxy_time_left": 4235,
			"heart_rate": 89.507240,
			"oxy_consumption": 0.101217,
			"co2_production": 0.103763,
			"suit_pressure_oxy": 3.072352,
			"suit_pressure_co2": 0.001159,
			"suit_pressure_other": 11.554200,
			"suit_pressure_total": 14.627711,
			"fan_pri_rpm": 0.000000,
			"fan_sec_rpm": 29452.060547,
			"helmet_pressure_co2": 0.004487,
			"scrubber_a_co2_storage": 0.000000,
			"scrubber_b_co2_storage": 0.479669,
			"temperature": 72.102844,
			"coolant_ml": 20.508068,
			"coolant_gas_pressure": 0.000000,
			"coolant_liquid_pressure": 113.745392
		},
		"eva2": {
			"batt_time_left": 3384.893799,
			"oxy_pri_storage": 24.231962,
			"oxy_sec_storage": 19.391357,
			"oxy_pri_pressure": 0.005878,
			"oxy_sec_pressure": 581.737915,
			"oxy_time_left": 4711,
			"heart_rate": 91.000916,
			"oxy_consumption": 0.099245,
			"co2_production": 0.097587,
			"suit_pressure_oxy": 3.072329,
			"suit_pressure_cO2": 0.001260,
			"suit_pressure_other": 11.554200,
			"suit_pressure_total": 14.627789,
			"fan_pri_rpm": 0.000000,
			"fan_sec_rpm": 28588.339844,
			"helmet_pressure_co2": 0.004288,
			"scrubber_a_co2_storage": 0.000000,
			"scrubber_b_co2_storage": 0.475848,
			"temperature": 76.802872,
			"coolant_ml": 22.034748,
			"coolant_gas_pressure": 0.000000,
			"coolant_liquid_pressure": 130.179382
		}
	}
}