
{
	"telemetry": {
		"eva_time": 34,
		"eva1": {
			"batt_time_left": 5077.148926,
			"oxy_pri_storage": 23.755802,
			"oxy_sec_storage": 15.174714,
			"oxy_pri_pressure": 0.000000,
			"oxy_sec_pressure": 455.240540,
			"oxy_time_left": 4204,
			"heart_rate": 81.609650,
			"oxy_consumption": 489.366638,
			"co2_production": 836.007629,
			"suit_pressure_oxy": 3.072365,
			"suit_pressure_co2": 0.001254,
			"suit_pressure_other": 11.554200,
			"suit_pressure_total": 14.627819,
			"fan_pri_rpm": 0.000000,
			"fan_sec_rpm": 30001.000000,
			"helmet_pressure_co2": 0.031311,
			"scrubber_a_co2_storage": 0.000000,
			"scrubber_b_co2_storage": 1.340596,
			"temperature": 72.999268,
			"coolant_ml": 20.508068,
			"coolant_gas_pressure": 0.000000,
			"coolant_liquid_pressure": 115.159538
		},
		"eva2": {
			"batt_time_left": 3384.893799,
			"oxy_pri_storage": 24.231962,
			"oxy_sec_storage": 19.104321,
			"oxy_pri_pressure": 0.004474,
			"oxy_sec_pressure": 573.127258,
			"oxy_time_left": 4680,
			"heart_rate": 81.092720,
			"oxy_consumption": 441.859436,
			"co2_production": 790.174500,
			"suit_pressure_oxy": 3.072366,
			"suit_pressure_cO2": 0.001418,
			"suit_pressure_other": 11.554200,
			"suit_pressure_total": 14.627983,
			"fan_pri_rpm": 0.000000,
			"fan_sec_rpm": 30001.000000,
			"helmet_pressure_co2": 0.030628,
			"scrubber_a_co2_storage": 0.000000,
			"scrubber_b_co2_storage": 1.343502,
			"temperature": 78.715744,
			"coolant_ml": 22.034748,
			"coolant_gas_pressure": 0.000000,
			"coolant_liquid_pressure": 133.421661
		}
	}
}