
{
	"telemetry": {
		"eva_time": 1613,
		"eva1": {
			"batt_time_left": 21600.000000,
			"oxy_pri_storage": 23.755802,
			"oxy_sec_storage": 6.869159,
			"oxy_pri_pressure": 0.002254,
			"oxy_sec_pressure": 206.074158,
			"oxy_time_left": 3307,
			"heart_rate": 140.373276,
			"oxy_consumption": 30.644133,
			"co2_production": 34.113045,
			"suit_pressure_oxy": 4.000043,
			"suit_pressure_co2": 103.023140,
			"suit_pressure_other": 0.000000,
			"suit_pressure_total": 107.023186,
			"fan_pri_rpm": 0.000000,
			"fan_sec_rpm": 30001.000000,
			"helmet_pressure_co2": 100.029007,
			"scrubber_a_co2_storage": 0.000000,
			"scrubber_b_co2_storage": 108.236160,
			"temperature": 76.275192,
			"coolant_ml": 20.508068,
			"coolant_gas_pressure": 15.134076,
			"coolant_liquid_pressure": 112.933640
		},
		"eva2": {
			"batt_time_left": 3384.893799,
			"oxy_pri_storage": 24.231962,
			"oxy_sec_storage": 4.483950,
			"oxy_pri_pressure": 0.000000,
			"oxy_sec_pressure": 134.513382,
			"oxy_time_left": 3101,
			"heart_rate": 89.690163,
			"oxy_consumption": 9.447189,
			"co2_production": 13.662437,
			"suit_pressure_oxy": 3.072322,
			"suit_pressure_cO2": 172.595352,
			"suit_pressure_other": 11.554200,
			"suit_pressure_total": 187.221878,
			"fan_pri_rpm": 0.000000,
			"fan_sec_rpm": 30001.000000,
			"helmet_pressure_co2": 163.053406,
			"scrubber_a_co2_storage": 0.000000,
			"scrubber_b_co2_storage": 105.911491,
			"temperature": 70.983406,
			"coolant_ml": 22.034748,
			"coolant_gas_pressure": 0.000000,
			"coolant_liquid_pressure": 120.315498
		}
	}
}