
{
	"telemetry": {
		"eva_time": 1789,
		"eva1": {
			"batt_time_left": 21600.000000,
			"oxy_pri_storage": 23.755802,
			"oxy_sec_storage": 15.424715,
			"oxy_pri_pressure": 0.006105,
			"oxy_sec_pressure": 462.742859,
			"oxy_time_left": 4231,
			"heart_rate": 118.533257,
			"oxy_consumption": 1729.595337,
			"co2_production": 2032.517822,
			"suit_pressure_oxy": 4.000032,
			"suit_pressure_co2": 0.000128,
			"suit_pressure_other": 0.000000,
			"suit_pressure_total": 4.000160,
			"fan_pri_rpm": 0.000000,
			"fan_sec_rpm": 30001.000000,
			"helmet_pressure_co2": 0.007692,
			"scrubber_a_co2_storage": 0.000000,
			"scrubber_b_co2_storage": 0.527098,
			"temperature": 86.285484,
			"coolant_ml": 20.508068,
			"coolant_gas_pressure": 0.000000,
			"coolant_liquid_pressure": 113.930344
		},
		"eva2": {
			"batt_time_left": 3384.893799,
			"oxy_pri_storage": 24.231962,
			"oxy_sec_storage": 2.854321,
			"oxy_pri_pressure": 0.003597,
			"oxy_sec_pressure": 85.625229,
			"oxy_time_left": 2925,
			"heart_rate": 120.864220,
			"oxy_consumption": 1790.908691,
			"co2_production": 2091.672852,
			"suit_pressure_oxy": 3.072320,
			"suit_pressure_cO2": 2.133775,
			"suit_pressure_other": 11.554200,
			"suit_pressure_total": 16.760296,
			"fan_pri_rpm": 0.000000,
			"fan_sec_rpm": 30001.000000,
			"helmet_pressure_co2": 2.034124,
			"scrubber_a_co2_storage": 0.000000,
			"scrubber_b_co2_storage": 100.043991,
			"temperature": 65.486847,
			"coolant_ml": 22.034748,
			"coolant_gas_pressure": 0.000000,
			"coolant_liquid_pressure": 110.998940
		}
	}
}