
{
	"telemetry": {
		"eva_time": 150,
		"eva1": {
			"batt_time_left": 5077.148926,
			"oxy_pri_storage": 23.755802,
			"oxy_sec_storage": 14.100639,
			"oxy_pri_pressure": 0.007277,
			"oxy_sec_pressure": 423.016815,
			"oxy_time_left": 4088,
			"heart_rate": 117.922806,
			"oxy_consumption": 0.102910,
			"co2_production": 0.102252,
			"suit_pressure_oxy": 3.072325,
			"suit_pressure_co2": 0.002006,
			"suit_pressure_other": 11.554200,
			"suit_pressure_total": 14.628531,
			"fan_pri_rpm": 0.000000,
			"fan_sec_rpm": 30001.000000,
			"helmet_pressure_co2": 0.087940,
			"scrubber_a_co2_storage": 0.000000,
			"scrubber_b_co2_storage": 14.106676,
			"temperature": 65.239235,
			"coolant_ml": 20.508068,
			"coolant_gas_pressure": 0.000000,
			"coolant_liquid_pressure": 102.917747
		},
		"eva2": {
			"batt_time_left": 3384.893799,
			"oxy_pri_storage": 24.231962,
			"oxy_sec_storage": 18.030245,
			"oxy_pri_pressure": 0.007339,
			"oxy_sec_pressure": 540.903809,
			"oxy_time_left": 4564,
			"heart_rate": 122.205025,
			"oxy_consumption": 0.096045,
			"co2_production": 0.096956,
			"suit_pressure_oxy": 3.072339,
			"suit_pressure_cO2": 0.001467,
			"suit_pressure_other": 11.554200,
			"suit_pressure_total": 14.628006,
			"fan_pri_rpm": 0.000000,
			"fan_sec_rpm": 30001.000000,
			"helmet_pressure_co2": 0.087946,
			"scrubber_a_co2_storage": 0.000000,
			"scrubber_b_co2_storage": 14.128367,
			"temperature": 84.556747,
			"coolant_ml": 22.034748,
			"coolant_gas_pressure": 65.308235,
			"coolant_liquid_pressure": 78.013817
		}
	}
}