
{
	"telemetry": {
		"eva_time": 731,
		"eva1": {
			"batt_time_left": 8931.414063,
			"oxy_pri_storage": 23.755802,
			"oxy_sec_storage": 9.017306,
			"oxy_pri_pressure": 0.002807,
			"oxy_sec_pressure": 270.525543,
			"oxy_time_left": 3539,
			"heart_rate": 78.700623,
			"oxy_consumption": 383.694489,
			"co2_production": 734.056641,
			"suit_pressure_oxy": 4.000028,
			"suit_pressure_co2": 0.001845,
			"suit_pressure_other": 0.000000,
			"suit_pressure_total": 4.001873,
			"fan_pri_rpm": 0.000000,
			"fan_sec_rpm": 30001.000000,
			"helmet_pressure_co2": 0.078119,
			"scrubber_a_co2_storage": 0.000000,
			"scrubber_b_co2_storage": 81.873474,
			"temperature": 69.958786,
			"coolant_ml": 20.508068,
			"coolant_gas_pressure": 0.000000,
			"coolant_liquid_pressure": 110.363045
		},
		"eva2": {
			"batt_time_left": 3384.893799,
			"oxy_pri_storage": 24.231962,
			"oxy_sec_storage": 12.650617,
			"oxy_pri_pressure": 0.002850,
			"oxy_sec_pressure": 379.521332,
			"oxy_time_left": 3983,
			"heart_rate": 80.068298,
			"oxy_consumption": 472.243500,
			"co2_production": 819.486267,
			"suit_pressure_oxy": 3.072345,
			"suit_pressure_cO2": 0.001669,
			"suit_pressure_other": 11.554200,
			"suit_pressure_total": 14.628214,
			"fan_pri_rpm": 0.000000,
			"fan_sec_rpm": 30001.000000,
			"helmet_pressure_co2": 0.078708,
			"scrubber_a_co2_storage": 0.000000,
			"scrubber_b_co2_storage": 79.551590,
			"temperature": 79.580147,
			"coolant_ml": 22.034748,
			"coolant_gas_pressure": 0.000000,
			"coolant_liquid_pressure": 134.886795
		}
	}
}