
{
	"telemetry": {
		"eva_time": 2933,
		"eva1": {
			"batt_time_left": 5077.148926,
			"oxy_pri_storage": 23.755802,
			"oxy_sec_storage": 0.000000,
			"oxy_pri_pressure": 0.004372,
			"oxy_sec_pressure": 0.000000,
			"oxy_time_left": 2565,
			"heart_rate": 79.313713,
			"oxy_consumption": 447.899231,
			"co2_production": 795.999207,
			"suit_pressure_oxy": 3.072365,
			"suit_pressure_co2": 18105.236328,
			"suit_pressure_other": 11.554200,
			"suit_pressure_total": 18119.863281,
			"fan_pri_rpm": 0.000000,
			"fan_sec_rpm": 30001.000000,
			"helmet_pressure_co2": 16786.861328,
			"scrubber_a_co2_storage": 0.000000,
			"scrubber_b_co2_storage": 139.745743,
			"temperature": 68.652870,
			"coolant_ml": 20.508068,
			"coolant_gas_pressure": 0.000000,
			"coolant_liquid_pressure": 108.302910
		},
		"eva2": {
			"batt_time_left": 3384.893799,
			"oxy_pri_storage": 24.231962,
			"oxy_sec_storage": 0.000000,
			"oxy_pri_pressure": 0.003922,
			"oxy_sec_pressure": 0.000000,
			"oxy_time_left": 2617,
			"heart_rate": 80.612305,
			"oxy_consumption": 485.939606,
			"co2_production": 832.700195,
			"suit_pressure_oxy": 3.072333,
			"suit_pressure_cO2": 18104.916016,
			"suit_pressure_other": 11.554200,
			"suit_pressure_total": 18119.542969,
			"fan_pri_rpm": 0.000000,
			"fan_sec_rpm": 30001.000000,
			"helmet_pressure_co2": 16782.904297,
			"scrubber_a_co2_storage": 0.000000,
			"scrubber_b_co2_storage": 131.400970,
			"temperature": 81.139435,
			"coolant_ml": 22.034748,
			"coolant_gas_pressure": 15.670621,
			"coolant_liquid_pressure": 121.859146
		}
	}
}