{
	"telemetry":	{
		"eva1":	{
			"eva_time":	58,
			"batt_time_left":	1742,
			"oxy_pri_storage":	97.012123107910156,
			"oxy_sec_storage":	97.012123107910156,
			"oxy_pri_pressure":	2771.72265625,
			"oxy_sec_pressure":	2720.842041015625,
			"oxy_time_left":	0,
			"suit_pressure_oxy":	4.1282305717468262,
			"suit_pressure_co2":	0.24576288461685181,
			"suit_pressure_other":	0,
			"suit_pressure_total":	4.3739933967590332,
			"fan_pri_rpm":	46751352,
			"fan_sec_rpm":	11274.173828125,
			"helmet_pressure_co2":	0.31949174404144287,
			"scrubber_a_co2_storage":	0.39156800508499146,
			"scrubber_b_co2_storage":	1,
			"temperature":	25.45768928527832,
			"coolant_ml":	196.99308776855469,
			"coolant_gas_pressure":	299.83377075195312,
			"coolant_liquid_pressure":	475.54440307617188,
			"heart_rate":	167.5,
			"oxy_consumption":	1386,
			"co2_production":	3005
		},
		"eva2":	{
			"eva_time":	58,
			"batt_time_left":	1742,
			"oxy_pri_storage":	97.7692337036133,
			"oxy_sec_storage":	97.7692337036133,
			"oxy_pri_pressure":	2858.34912109375,
			"oxy_sec_pressure":	2806.9560546875,
			"oxy_time_left":	0,
			"suit_pressure_oxy":	4.2537031173706055,
			"suit_pressure_co2":	0.1472814679145813,
			"suit_pressure_other":	0,
			"suit_pressure_total":	4.3739933967590332,
			"fan_pri_rpm":	33751104,
			"fan_sec_rpm":	10741.0146484375,
			"helmet_pressure_co2":	0.27033919095993042,
			"scrubber_a_co2_storage":	0.319618821144104,
			"scrubber_b_co2_storage":	1,
			"temperature":	22.102882385253906,
			"coolant_ml":	179.17616271972656,
			"coolant_gas_pressure":	295.54440307617188,
			"coolant_liquid_pressure":	480.01666259765625,
			"heart_rate":	109.79999542236328,
			"oxy_consumption":	1091.5,
			"co2_production":	2235
		}
	},
	"status":	{
		"started":	false,
		"paused":	false,
		"completed":	false,
		"total_time":	0,
		"uia":	{
			"started":	false,
			"completed":	false,
			"time":	0
		},
		"dcu":	{
			"started":	false,
			"completed":	false,
			"time":	0
		},
		"rover":	{
			"started":	false,
			"completed":	false,
			"time":	0
		},
		"spec":	{
			"started":	false,
			"completed":	false,
			"time":	0
		}
	},
	"dcu":	{
		"eva1":	{
			"batt":	false,
			"oxy":	false,
			"comm":	false,
			"fan":	false,
			"pump":	false,
			"co2":	false
		},
		"eva2":	{
			"batt":	false,
			"oxy":	false,
			"comm":	false,
			"fan":	false,
			"pump":	false,
			"co2":	false
		}
	},
	"error":	{
		"fan_error":	false,
		"oxy_error":	false,
		"batt_error":	false,
		"pump_error":	false
	},
	"imu":	{
		"eva1":	{
			"posx":	0,
			"posy":	0,
			"heading":	0
		},
		"eva2":	{
			"posx":	0,
			"posy":	0,
			"heading":	0
		}
	},
	"uia":	{
		"eva1_power":	false,
		"eva1_oxy":	false,
		"eva1_water_supply":	false,
		"eva1_water_waste":	false,
		"eva2_power":	false,
		"eva2_oxy":	false,
		"eva2_water_supply":	false,
		"eva2_water_waste":	false,
		"oxy_vent":	false,
		"depress":	false
	}
}